[0.529s] DEBUG:colcon:Command line arguments: ['/usr/bin/colcon', 'build', '--packages-select', 'mail-delivery-robot']
[0.529s] DEBUG:colcon:Parsed command line arguments: Namespace(log_base=None, log_level=None, verb_name='build', build_base='build', install_base='install', merge_install=False, symlink_install=False, test_result_base=None, continue_on_error=False, executor='parallel', parallel_workers=4, event_handlers=None, ignore_user_meta=False, metas=['./colcon.meta'], base_paths=['.'], packages_ignore=None, packages_ignore_regex=None, paths=None, packages_up_to=None, packages_up_to_regex=None, packages_above=None, packages_above_and_dependencies=None, packages_above_depth=None, packages_select_by_dep=None, packages_skip_by_dep=None, packages_skip_up_to=None, packages_select_build_failed=False, packages_skip_build_finished=False, packages_select_test_failures=False, packages_skip_test_passed=False, packages_select=['mail-delivery-robot'], packages_skip=None, packages_select_regex=None, packages_skip_regex=None, packages_start=None, packages_end=None, allow_overriding=[], cmake_args=None, cmake_target=None, cmake_target_skip_unavailable=False, cmake_clean_cache=False, cmake_clean_first=False, cmake_force_configure=False, ament_cmake_args=None, catkin_cmake_args=None, catkin_skip_building_tests=False, mixin_files=None, mixin=None, verb_parser=<colcon_mixin.mixin.mixin_argument.MixinArgumentDecorator object at 0xffff91461f00>, verb_extension=<colcon_core.verb.build.BuildVerb object at 0xffff9160ae90>, main=<bound method BuildVerb.main of <colcon_core.verb.build.BuildVerb object at 0xffff9160ae90>>, mixin_verb=('build',))
[1.500s] Level 1:colcon.colcon_core.package_discovery:discover_packages(colcon_meta) check parameters
[1.500s] Level 1:colcon.colcon_core.package_discovery:discover_packages(recursive) check parameters
[1.500s] Level 1:colcon.colcon_core.package_discovery:discover_packages(ignore) check parameters
[1.500s] Level 1:colcon.colcon_core.package_discovery:discover_packages(path) check parameters
[1.501s] Level 1:colcon.colcon_core.package_discovery:discover_packages(colcon_meta) discover
[1.501s] Level 1:colcon.colcon_core.package_discovery:discover_packages(recursive) discover
[1.501s] INFO:colcon.colcon_core.package_discovery:Crawling recursively for packages in '/home/capstone2526/cmdr_ws'
[1.502s] Level 1:colcon.colcon_core.package_identification:_identify(.) by extensions ['ignore', 'ignore_ament_install']
[1.502s] Level 1:colcon.colcon_core.package_identification:_identify(.) by extension 'ignore'
[1.502s] Level 1:colcon.colcon_core.package_identification:_identify(.) by extension 'ignore_ament_install'
[1.503s] Level 1:colcon.colcon_core.package_identification:_identify(.) by extensions ['colcon_pkg']
[1.503s] Level 1:colcon.colcon_core.package_identification:_identify(.) by extension 'colcon_pkg'
[1.503s] Level 1:colcon.colcon_core.package_identification:_identify(.) by extensions ['colcon_meta']
[1.503s] Level 1:colcon.colcon_core.package_identification:_identify(.) by extension 'colcon_meta'
[1.504s] Level 1:colcon.colcon_core.package_identification:_identify(.) by extensions ['ros']
[1.504s] Level 1:colcon.colcon_core.package_identification:_identify(.) by extension 'ros'
[1.553s] Level 1:colcon.colcon_core.package_identification:_identify(.) by extensions ['cmake', 'python']
[1.553s] Level 1:colcon.colcon_core.package_identification:_identify(.) by extension 'cmake'
[1.554s] Level 1:colcon.colcon_core.package_identification:_identify(.) by extension 'python'
[1.554s] Level 1:colcon.colcon_core.package_identification:_identify(.) by extensions ['python_setup_py']
[1.554s] Level 1:colcon.colcon_core.package_identification:_identify(.) by extension 'python_setup_py'
[1.555s] Level 1:colcon.colcon_core.package_identification:_identify(Carleton-Mail-Delivery-Robot-2025) by extensions ['ignore', 'ignore_ament_install']
[1.555s] Level 1:colcon.colcon_core.package_identification:_identify(Carleton-Mail-Delivery-Robot-2025) by extension 'ignore'
[1.555s] Level 1:colcon.colcon_core.package_identification:_identify(Carleton-Mail-Delivery-Robot-2025) by extension 'ignore_ament_install'
[1.556s] Level 1:colcon.colcon_core.package_identification:_identify(Carleton-Mail-Delivery-Robot-2025) by extensions ['colcon_pkg']
[1.556s] Level 1:colcon.colcon_core.package_identification:_identify(Carleton-Mail-Delivery-Robot-2025) by extension 'colcon_pkg'
[1.556s] Level 1:colcon.colcon_core.package_identification:_identify(Carleton-Mail-Delivery-Robot-2025) by extensions ['colcon_meta']
[1.556s] Level 1:colcon.colcon_core.package_identification:_identify(Carleton-Mail-Delivery-Robot-2025) by extension 'colcon_meta'
[1.556s] Level 1:colcon.colcon_core.package_identification:_identify(Carleton-Mail-Delivery-Robot-2025) by extensions ['ros']
[1.557s] Level 1:colcon.colcon_core.package_identification:_identify(Carleton-Mail-Delivery-Robot-2025) by extension 'ros'
[1.557s] Level 1:colcon.colcon_core.package_identification:_identify(Carleton-Mail-Delivery-Robot-2025) by extensions ['cmake', 'python']
[1.557s] Level 1:colcon.colcon_core.package_identification:_identify(Carleton-Mail-Delivery-Robot-2025) by extension 'cmake'
[1.557s] Level 1:colcon.colcon_core.package_identification:_identify(Carleton-Mail-Delivery-Robot-2025) by extension 'python'
[1.558s] Level 1:colcon.colcon_core.package_identification:_identify(Carleton-Mail-Delivery-Robot-2025) by extensions ['python_setup_py']
[1.558s] Level 1:colcon.colcon_core.package_identification:_identify(Carleton-Mail-Delivery-Robot-2025) by extension 'python_setup_py'
[1.558s] Level 1:colcon.colcon_core.package_identification:_identify(Carleton-Mail-Delivery-Robot-2025/docs) by extensions ['ignore', 'ignore_ament_install']
[1.559s] Level 1:colcon.colcon_core.package_identification:_identify(Carleton-Mail-Delivery-Robot-2025/docs) by extension 'ignore'
[1.559s] Level 1:colcon.colcon_core.package_identification:_identify(Carleton-Mail-Delivery-Robot-2025/docs) by extension 'ignore_ament_install'
[1.559s] Level 1:colcon.colcon_core.package_identification:_identify(Carleton-Mail-Delivery-Robot-2025/docs) by extensions ['colcon_pkg']
[1.560s] Level 1:colcon.colcon_core.package_identification:_identify(Carleton-Mail-Delivery-Robot-2025/docs) by extension 'colcon_pkg'
[1.560s] Level 1:colcon.colcon_core.package_identification:_identify(Carleton-Mail-Delivery-Robot-2025/docs) by extensions ['colcon_meta']
[1.560s] Level 1:colcon.colcon_core.package_identification:_identify(Carleton-Mail-Delivery-Robot-2025/docs) by extension 'colcon_meta'
[1.560s] Level 1:colcon.colcon_core.package_identification:_identify(Carleton-Mail-Delivery-Robot-2025/docs) by extensions ['ros']
[1.560s] Level 1:colcon.colcon_core.package_identification:_identify(Carleton-Mail-Delivery-Robot-2025/docs) by extension 'ros'
[1.561s] Level 1:colcon.colcon_core.package_identification:_identify(Carleton-Mail-Delivery-Robot-2025/docs) by extensions ['cmake', 'python']
[1.561s] Level 1:colcon.colcon_core.package_identification:_identify(Carleton-Mail-Delivery-Robot-2025/docs) by extension 'cmake'
[1.561s] Level 1:colcon.colcon_core.package_identification:_identify(Carleton-Mail-Delivery-Robot-2025/docs) by extension 'python'
[1.561s] Level 1:colcon.colcon_core.package_identification:_identify(Carleton-Mail-Delivery-Robot-2025/docs) by extensions ['python_setup_py']
[1.562s] Level 1:colcon.colcon_core.package_identification:_identify(Carleton-Mail-Delivery-Robot-2025/docs) by extension 'python_setup_py'
[1.562s] Level 1:colcon.colcon_core.package_identification:_identify(Carleton-Mail-Delivery-Robot-2025/documents) by extensions ['ignore', 'ignore_ament_install']
[1.563s] Level 1:colcon.colcon_core.package_identification:_identify(Carleton-Mail-Delivery-Robot-2025/documents) by extension 'ignore'
[1.563s] Level 1:colcon.colcon_core.package_identification:_identify(Carleton-Mail-Delivery-Robot-2025/documents) by extension 'ignore_ament_install'
[1.563s] Level 1:colcon.colcon_core.package_identification:_identify(Carleton-Mail-Delivery-Robot-2025/documents) by extensions ['colcon_pkg']
[1.563s] Level 1:colcon.colcon_core.package_identification:_identify(Carleton-Mail-Delivery-Robot-2025/documents) by extension 'colcon_pkg'
[1.564s] Level 1:colcon.colcon_core.package_identification:_identify(Carleton-Mail-Delivery-Robot-2025/documents) by extensions ['colcon_meta']
[1.564s] Level 1:colcon.colcon_core.package_identification:_identify(Carleton-Mail-Delivery-Robot-2025/documents) by extension 'colcon_meta'
[1.564s] Level 1:colcon.colcon_core.package_identification:_identify(Carleton-Mail-Delivery-Robot-2025/documents) by extensions ['ros']
[1.564s] Level 1:colcon.colcon_core.package_identification:_identify(Carleton-Mail-Delivery-Robot-2025/documents) by extension 'ros'
[1.565s] Level 1:colcon.colcon_core.package_identification:_identify(Carleton-Mail-Delivery-Robot-2025/documents) by extensions ['cmake', 'python']
[1.565s] Level 1:colcon.colcon_core.package_identification:_identify(Carleton-Mail-Delivery-Robot-2025/documents) by extension 'cmake'
[1.565s] Level 1:colcon.colcon_core.package_identification:_identify(Carleton-Mail-Delivery-Robot-2025/documents) by extension 'python'
[1.565s] Level 1:colcon.colcon_core.package_identification:_identify(Carleton-Mail-Delivery-Robot-2025/documents) by extensions ['python_setup_py']
[1.565s] Level 1:colcon.colcon_core.package_identification:_identify(Carleton-Mail-Delivery-Robot-2025/documents) by extension 'python_setup_py'
[1.566s] Level 1:colcon.colcon_core.package_identification:_identify(Carleton-Mail-Delivery-Robot-2025/src) by extensions ['ignore', 'ignore_ament_install']
[1.566s] Level 1:colcon.colcon_core.package_identification:_identify(Carleton-Mail-Delivery-Robot-2025/src) by extension 'ignore'
[1.567s] Level 1:colcon.colcon_core.package_identification:_identify(Carleton-Mail-Delivery-Robot-2025/src) by extension 'ignore_ament_install'
[1.567s] Level 1:colcon.colcon_core.package_identification:_identify(Carleton-Mail-Delivery-Robot-2025/src) by extensions ['colcon_pkg']
[1.567s] Level 1:colcon.colcon_core.package_identification:_identify(Carleton-Mail-Delivery-Robot-2025/src) by extension 'colcon_pkg'
[1.567s] Level 1:colcon.colcon_core.package_identification:_identify(Carleton-Mail-Delivery-Robot-2025/src) by extensions ['colcon_meta']
[1.568s] Level 1:colcon.colcon_core.package_identification:_identify(Carleton-Mail-Delivery-Robot-2025/src) by extension 'colcon_meta'
[1.568s] Level 1:colcon.colcon_core.package_identification:_identify(Carleton-Mail-Delivery-Robot-2025/src) by extensions ['ros']
[1.568s] Level 1:colcon.colcon_core.package_identification:_identify(Carleton-Mail-Delivery-Robot-2025/src) by extension 'ros'
[1.568s] Level 1:colcon.colcon_core.package_identification:_identify(Carleton-Mail-Delivery-Robot-2025/src) by extensions ['cmake', 'python']
[1.569s] Level 1:colcon.colcon_core.package_identification:_identify(Carleton-Mail-Delivery-Robot-2025/src) by extension 'cmake'
[1.569s] Level 1:colcon.colcon_core.package_identification:_identify(Carleton-Mail-Delivery-Robot-2025/src) by extension 'python'
[1.569s] Level 1:colcon.colcon_core.package_identification:_identify(Carleton-Mail-Delivery-Robot-2025/src) by extensions ['python_setup_py']
[1.569s] Level 1:colcon.colcon_core.package_identification:_identify(Carleton-Mail-Delivery-Robot-2025/src) by extension 'python_setup_py'
[1.570s] Level 1:colcon.colcon_core.package_identification:_identify(Carleton-Mail-Delivery-Robot-2025/src/tools) by extensions ['ignore', 'ignore_ament_install']
[1.570s] Level 1:colcon.colcon_core.package_identification:_identify(Carleton-Mail-Delivery-Robot-2025/src/tools) by extension 'ignore'
[1.570s] Level 1:colcon.colcon_core.package_identification:_identify(Carleton-Mail-Delivery-Robot-2025/src/tools) by extension 'ignore_ament_install'
[1.571s] Level 1:colcon.colcon_core.package_identification:_identify(Carleton-Mail-Delivery-Robot-2025/src/tools) by extensions ['colcon_pkg']
[1.571s] Level 1:colcon.colcon_core.package_identification:_identify(Carleton-Mail-Delivery-Robot-2025/src/tools) by extension 'colcon_pkg'
[1.571s] Level 1:colcon.colcon_core.package_identification:_identify(Carleton-Mail-Delivery-Robot-2025/src/tools) by extensions ['colcon_meta']
[1.571s] Level 1:colcon.colcon_core.package_identification:_identify(Carleton-Mail-Delivery-Robot-2025/src/tools) by extension 'colcon_meta'
[1.572s] Level 1:colcon.colcon_core.package_identification:_identify(Carleton-Mail-Delivery-Robot-2025/src/tools) by extensions ['ros']
[1.572s] Level 1:colcon.colcon_core.package_identification:_identify(Carleton-Mail-Delivery-Robot-2025/src/tools) by extension 'ros'
[1.572s] Level 1:colcon.colcon_core.package_identification:_identify(Carleton-Mail-Delivery-Robot-2025/src/tools) by extensions ['cmake', 'python']
[1.572s] Level 1:colcon.colcon_core.package_identification:_identify(Carleton-Mail-Delivery-Robot-2025/src/tools) by extension 'cmake'
[1.573s] Level 1:colcon.colcon_core.package_identification:_identify(Carleton-Mail-Delivery-Robot-2025/src/tools) by extension 'python'
[1.573s] Level 1:colcon.colcon_core.package_identification:_identify(Carleton-Mail-Delivery-Robot-2025/src/tools) by extensions ['python_setup_py']
[1.573s] Level 1:colcon.colcon_core.package_identification:_identify(Carleton-Mail-Delivery-Robot-2025/src/tools) by extension 'python_setup_py'
[1.574s] Level 1:colcon.colcon_core.package_identification:_identify(Carleton-Mail-Delivery-Robot-2025/src/tools/logs) by extensions ['ignore', 'ignore_ament_install']
[1.574s] Level 1:colcon.colcon_core.package_identification:_identify(Carleton-Mail-Delivery-Robot-2025/src/tools/logs) by extension 'ignore'
[1.574s] Level 1:colcon.colcon_core.package_identification:_identify(Carleton-Mail-Delivery-Robot-2025/src/tools/logs) by extension 'ignore_ament_install'
[1.575s] Level 1:colcon.colcon_core.package_identification:_identify(Carleton-Mail-Delivery-Robot-2025/src/tools/logs) by extensions ['colcon_pkg']
[1.575s] Level 1:colcon.colcon_core.package_identification:_identify(Carleton-Mail-Delivery-Robot-2025/src/tools/logs) by extension 'colcon_pkg'
[1.575s] Level 1:colcon.colcon_core.package_identification:_identify(Carleton-Mail-Delivery-Robot-2025/src/tools/logs) by extensions ['colcon_meta']
[1.575s] Level 1:colcon.colcon_core.package_identification:_identify(Carleton-Mail-Delivery-Robot-2025/src/tools/logs) by extension 'colcon_meta'
[1.575s] Level 1:colcon.colcon_core.package_identification:_identify(Carleton-Mail-Delivery-Robot-2025/src/tools/logs) by extensions ['ros']
[1.576s] Level 1:colcon.colcon_core.package_identification:_identify(Carleton-Mail-Delivery-Robot-2025/src/tools/logs) by extension 'ros'
[1.576s] Level 1:colcon.colcon_core.package_identification:_identify(Carleton-Mail-Delivery-Robot-2025/src/tools/logs) by extensions ['cmake', 'python']
[1.576s] Level 1:colcon.colcon_core.package_identification:_identify(Carleton-Mail-Delivery-Robot-2025/src/tools/logs) by extension 'cmake'
[1.577s] Level 1:colcon.colcon_core.package_identification:_identify(Carleton-Mail-Delivery-Robot-2025/src/tools/logs) by extension 'python'
[1.577s] Level 1:colcon.colcon_core.package_identification:_identify(Carleton-Mail-Delivery-Robot-2025/src/tools/logs) by extensions ['python_setup_py']
[1.577s] Level 1:colcon.colcon_core.package_identification:_identify(Carleton-Mail-Delivery-Robot-2025/src/tools/logs) by extension 'python_setup_py'
[1.578s] Level 1:colcon.colcon_core.package_identification:_identify(Carleton-Mail-Delivery-Robot-2025/src/tools/logs/runs) by extensions ['ignore', 'ignore_ament_install']
[1.579s] Level 1:colcon.colcon_core.package_identification:_identify(Carleton-Mail-Delivery-Robot-2025/src/tools/logs/runs) by extension 'ignore'
[1.579s] Level 1:colcon.colcon_core.package_identification:_identify(Carleton-Mail-Delivery-Robot-2025/src/tools/logs/runs) by extension 'ignore_ament_install'
[1.579s] Level 1:colcon.colcon_core.package_identification:_identify(Carleton-Mail-Delivery-Robot-2025/src/tools/logs/runs) by extensions ['colcon_pkg']
[1.579s] Level 1:colcon.colcon_core.package_identification:_identify(Carleton-Mail-Delivery-Robot-2025/src/tools/logs/runs) by extension 'colcon_pkg'
[1.580s] Level 1:colcon.colcon_core.package_identification:_identify(Carleton-Mail-Delivery-Robot-2025/src/tools/logs/runs) by extensions ['colcon_meta']
[1.580s] Level 1:colcon.colcon_core.package_identification:_identify(Carleton-Mail-Delivery-Robot-2025/src/tools/logs/runs) by extension 'colcon_meta'
[1.580s] Level 1:colcon.colcon_core.package_identification:_identify(Carleton-Mail-Delivery-Robot-2025/src/tools/logs/runs) by extensions ['ros']
[1.580s] Level 1:colcon.colcon_core.package_identification:_identify(Carleton-Mail-Delivery-Robot-2025/src/tools/logs/runs) by extension 'ros'
[1.581s] Level 1:colcon.colcon_core.package_identification:_identify(Carleton-Mail-Delivery-Robot-2025/src/tools/logs/runs) by extensions ['cmake', 'python']
[1.581s] Level 1:colcon.colcon_core.package_identification:_identify(Carleton-Mail-Delivery-Robot-2025/src/tools/logs/runs) by extension 'cmake'
[1.581s] Level 1:colcon.colcon_core.package_identification:_identify(Carleton-Mail-Delivery-Robot-2025/src/tools/logs/runs) by extension 'python'
[1.581s] Level 1:colcon.colcon_core.package_identification:_identify(Carleton-Mail-Delivery-Robot-2025/src/tools/logs/runs) by extensions ['python_setup_py']
[1.582s] Level 1:colcon.colcon_core.package_identification:_identify(Carleton-Mail-Delivery-Robot-2025/src/tools/logs/runs) by extension 'python_setup_py'
[1.582s] Level 1:colcon.colcon_core.package_identification:_identify(Carleton-Mail-Delivery-Robot-2025/webapp) by extensions ['ignore', 'ignore_ament_install']
[1.583s] Level 1:colcon.colcon_core.package_identification:_identify(Carleton-Mail-Delivery-Robot-2025/webapp) by extension 'ignore'
[1.583s] Level 1:colcon.colcon_core.package_identification:_identify(Carleton-Mail-Delivery-Robot-2025/webapp) by extension 'ignore_ament_install'
[1.583s] Level 1:colcon.colcon_core.package_identification:_identify(Carleton-Mail-Delivery-Robot-2025/webapp) by extensions ['colcon_pkg']
[1.583s] Level 1:colcon.colcon_core.package_identification:_identify(Carleton-Mail-Delivery-Robot-2025/webapp) by extension 'colcon_pkg'
[1.584s] Level 1:colcon.colcon_core.package_identification:_identify(Carleton-Mail-Delivery-Robot-2025/webapp) by extensions ['colcon_meta']
[1.584s] Level 1:colcon.colcon_core.package_identification:_identify(Carleton-Mail-Delivery-Robot-2025/webapp) by extension 'colcon_meta'
[1.584s] Level 1:colcon.colcon_core.package_identification:_identify(Carleton-Mail-Delivery-Robot-2025/webapp) by extensions ['ros']
[1.584s] Level 1:colcon.colcon_core.package_identification:_identify(Carleton-Mail-Delivery-Robot-2025/webapp) by extension 'ros'
[1.585s] Level 1:colcon.colcon_core.package_identification:_identify(Carleton-Mail-Delivery-Robot-2025/webapp) by extensions ['cmake', 'python']
[1.585s] Level 1:colcon.colcon_core.package_identification:_identify(Carleton-Mail-Delivery-Robot-2025/webapp) by extension 'cmake'
[1.585s] Level 1:colcon.colcon_core.package_identification:_identify(Carleton-Mail-Delivery-Robot-2025/webapp) by extension 'python'
[1.585s] Level 1:colcon.colcon_core.package_identification:_identify(Carleton-Mail-Delivery-Robot-2025/webapp) by extensions ['python_setup_py']
[1.585s] Level 1:colcon.colcon_core.package_identification:_identify(Carleton-Mail-Delivery-Robot-2025/webapp) by extension 'python_setup_py'
[1.586s] Level 1:colcon.colcon_core.package_identification:_identify(Carleton-Mail-Delivery-Robot-2025/webapp/src) by extensions ['ignore', 'ignore_ament_install']
[1.586s] Level 1:colcon.colcon_core.package_identification:_identify(Carleton-Mail-Delivery-Robot-2025/webapp/src) by extension 'ignore'
[1.587s] Level 1:colcon.colcon_core.package_identification:_identify(Carleton-Mail-Delivery-Robot-2025/webapp/src) by extension 'ignore_ament_install'
[1.587s] Level 1:colcon.colcon_core.package_identification:_identify(Carleton-Mail-Delivery-Robot-2025/webapp/src) by extensions ['colcon_pkg']
[1.588s] Level 1:colcon.colcon_core.package_identification:_identify(Carleton-Mail-Delivery-Robot-2025/webapp/src) by extension 'colcon_pkg'
[1.588s] Level 1:colcon.colcon_core.package_identification:_identify(Carleton-Mail-Delivery-Robot-2025/webapp/src) by extensions ['colcon_meta']
[1.588s] Level 1:colcon.colcon_core.package_identification:_identify(Carleton-Mail-Delivery-Robot-2025/webapp/src) by extension 'colcon_meta'
[1.589s] Level 1:colcon.colcon_core.package_identification:_identify(Carleton-Mail-Delivery-Robot-2025/webapp/src) by extensions ['ros']
[1.589s] Level 1:colcon.colcon_core.package_identification:_identify(Carleton-Mail-Delivery-Robot-2025/webapp/src) by extension 'ros'
[1.589s] Level 1:colcon.colcon_core.package_identification:_identify(Carleton-Mail-Delivery-Robot-2025/webapp/src) by extensions ['cmake', 'python']
[1.590s] Level 1:colcon.colcon_core.package_identification:_identify(Carleton-Mail-Delivery-Robot-2025/webapp/src) by extension 'cmake'
[1.590s] Level 1:colcon.colcon_core.package_identification:_identify(Carleton-Mail-Delivery-Robot-2025/webapp/src) by extension 'python'
[1.590s] Level 1:colcon.colcon_core.package_identification:_identify(Carleton-Mail-Delivery-Robot-2025/webapp/src) by extensions ['python_setup_py']
[1.591s] Level 1:colcon.colcon_core.package_identification:_identify(Carleton-Mail-Delivery-Robot-2025/webapp/src) by extension 'python_setup_py'
[1.591s] Level 1:colcon.colcon_core.package_identification:_identify(Carleton-Mail-Delivery-Robot-2025/webapp/src/main) by extensions ['ignore', 'ignore_ament_install']
[1.592s] Level 1:colcon.colcon_core.package_identification:_identify(Carleton-Mail-Delivery-Robot-2025/webapp/src/main) by extension 'ignore'
[1.592s] Level 1:colcon.colcon_core.package_identification:_identify(Carleton-Mail-Delivery-Robot-2025/webapp/src/main) by extension 'ignore_ament_install'
[1.592s] Level 1:colcon.colcon_core.package_identification:_identify(Carleton-Mail-Delivery-Robot-2025/webapp/src/main) by extensions ['colcon_pkg']
[1.592s] Level 1:colcon.colcon_core.package_identification:_identify(Carleton-Mail-Delivery-Robot-2025/webapp/src/main) by extension 'colcon_pkg'
[1.593s] Level 1:colcon.colcon_core.package_identification:_identify(Carleton-Mail-Delivery-Robot-2025/webapp/src/main) by extensions ['colcon_meta']
[1.593s] Level 1:colcon.colcon_core.package_identification:_identify(Carleton-Mail-Delivery-Robot-2025/webapp/src/main) by extension 'colcon_meta'
[1.593s] Level 1:colcon.colcon_core.package_identification:_identify(Carleton-Mail-Delivery-Robot-2025/webapp/src/main) by extensions ['ros']
[1.593s] Level 1:colcon.colcon_core.package_identification:_identify(Carleton-Mail-Delivery-Robot-2025/webapp/src/main) by extension 'ros'
[1.594s] Level 1:colcon.colcon_core.package_identification:_identify(Carleton-Mail-Delivery-Robot-2025/webapp/src/main) by extensions ['cmake', 'python']
[1.594s] Level 1:colcon.colcon_core.package_identification:_identify(Carleton-Mail-Delivery-Robot-2025/webapp/src/main) by extension 'cmake'
[1.594s] Level 1:colcon.colcon_core.package_identification:_identify(Carleton-Mail-Delivery-Robot-2025/webapp/src/main) by extension 'python'
[1.594s] Level 1:colcon.colcon_core.package_identification:_identify(Carleton-Mail-Delivery-Robot-2025/webapp/src/main) by extensions ['python_setup_py']
[1.594s] Level 1:colcon.colcon_core.package_identification:_identify(Carleton-Mail-Delivery-Robot-2025/webapp/src/main) by extension 'python_setup_py'
[1.595s] Level 1:colcon.colcon_core.package_identification:_identify(Carleton-Mail-Delivery-Robot-2025/webapp/src/main/java) by extensions ['ignore', 'ignore_ament_install']
[1.595s] Level 1:colcon.colcon_core.package_identification:_identify(Carleton-Mail-Delivery-Robot-2025/webapp/src/main/java) by extension 'ignore'
[1.596s] Level 1:colcon.colcon_core.package_identification:_identify(Carleton-Mail-Delivery-Robot-2025/webapp/src/main/java) by extension 'ignore_ament_install'
[1.596s] Level 1:colcon.colcon_core.package_identification:_identify(Carleton-Mail-Delivery-Robot-2025/webapp/src/main/java) by extensions ['colcon_pkg']
[1.596s] Level 1:colcon.colcon_core.package_identification:_identify(Carleton-Mail-Delivery-Robot-2025/webapp/src/main/java) by extension 'colcon_pkg'
[1.596s] Level 1:colcon.colcon_core.package_identification:_identify(Carleton-Mail-Delivery-Robot-2025/webapp/src/main/java) by extensions ['colcon_meta']
[1.597s] Level 1:colcon.colcon_core.package_identification:_identify(Carleton-Mail-Delivery-Robot-2025/webapp/src/main/java) by extension 'colcon_meta'
[1.597s] Level 1:colcon.colcon_core.package_identification:_identify(Carleton-Mail-Delivery-Robot-2025/webapp/src/main/java) by extensions ['ros']
[1.597s] Level 1:colcon.colcon_core.package_identification:_identify(Carleton-Mail-Delivery-Robot-2025/webapp/src/main/java) by extension 'ros'
[1.598s] Level 1:colcon.colcon_core.package_identification:_identify(Carleton-Mail-Delivery-Robot-2025/webapp/src/main/java) by extensions ['cmake', 'python']
[1.598s] Level 1:colcon.colcon_core.package_identification:_identify(Carleton-Mail-Delivery-Robot-2025/webapp/src/main/java) by extension 'cmake'
[1.598s] Level 1:colcon.colcon_core.package_identification:_identify(Carleton-Mail-Delivery-Robot-2025/webapp/src/main/java) by extension 'python'
[1.598s] Level 1:colcon.colcon_core.package_identification:_identify(Carleton-Mail-Delivery-Robot-2025/webapp/src/main/java) by extensions ['python_setup_py']
[1.598s] Level 1:colcon.colcon_core.package_identification:_identify(Carleton-Mail-Delivery-Robot-2025/webapp/src/main/java) by extension 'python_setup_py'
[1.599s] Level 1:colcon.colcon_core.package_identification:_identify(Carleton-Mail-Delivery-Robot-2025/webapp/src/main/java/com) by extensions ['ignore', 'ignore_ament_install']
[1.599s] Level 1:colcon.colcon_core.package_identification:_identify(Carleton-Mail-Delivery-Robot-2025/webapp/src/main/java/com) by extension 'ignore'
[1.600s] Level 1:colcon.colcon_core.package_identification:_identify(Carleton-Mail-Delivery-Robot-2025/webapp/src/main/java/com) by extension 'ignore_ament_install'
[1.600s] Level 1:colcon.colcon_core.package_identification:_identify(Carleton-Mail-Delivery-Robot-2025/webapp/src/main/java/com) by extensions ['colcon_pkg']
[1.600s] Level 1:colcon.colcon_core.package_identification:_identify(Carleton-Mail-Delivery-Robot-2025/webapp/src/main/java/com) by extension 'colcon_pkg'
[1.600s] Level 1:colcon.colcon_core.package_identification:_identify(Carleton-Mail-Delivery-Robot-2025/webapp/src/main/java/com) by extensions ['colcon_meta']
[1.601s] Level 1:colcon.colcon_core.package_identification:_identify(Carleton-Mail-Delivery-Robot-2025/webapp/src/main/java/com) by extension 'colcon_meta'
[1.601s] Level 1:colcon.colcon_core.package_identification:_identify(Carleton-Mail-Delivery-Robot-2025/webapp/src/main/java/com) by extensions ['ros']
[1.601s] Level 1:colcon.colcon_core.package_identification:_identify(Carleton-Mail-Delivery-Robot-2025/webapp/src/main/java/com) by extension 'ros'
[1.601s] Level 1:colcon.colcon_core.package_identification:_identify(Carleton-Mail-Delivery-Robot-2025/webapp/src/main/java/com) by extensions ['cmake', 'python']
[1.602s] Level 1:colcon.colcon_core.package_identification:_identify(Carleton-Mail-Delivery-Robot-2025/webapp/src/main/java/com) by extension 'cmake'
[1.602s] Level 1:colcon.colcon_core.package_identification:_identify(Carleton-Mail-Delivery-Robot-2025/webapp/src/main/java/com) by extension 'python'
[1.602s] Level 1:colcon.colcon_core.package_identification:_identify(Carleton-Mail-Delivery-Robot-2025/webapp/src/main/java/com) by extensions ['python_setup_py']
[1.602s] Level 1:colcon.colcon_core.package_identification:_identify(Carleton-Mail-Delivery-Robot-2025/webapp/src/main/java/com) by extension 'python_setup_py'
[1.603s] Level 1:colcon.colcon_core.package_identification:_identify(Carleton-Mail-Delivery-Robot-2025/webapp/src/main/java/com/cmds) by extensions ['ignore', 'ignore_ament_install']
[1.603s] Level 1:colcon.colcon_core.package_identification:_identify(Carleton-Mail-Delivery-Robot-2025/webapp/src/main/java/com/cmds) by extension 'ignore'
[1.604s] Level 1:colcon.colcon_core.package_identification:_identify(Carleton-Mail-Delivery-Robot-2025/webapp/src/main/java/com/cmds) by extension 'ignore_ament_install'
[1.604s] Level 1:colcon.colcon_core.package_identification:_identify(Carleton-Mail-Delivery-Robot-2025/webapp/src/main/java/com/cmds) by extensions ['colcon_pkg']
[1.604s] Level 1:colcon.colcon_core.package_identification:_identify(Carleton-Mail-Delivery-Robot-2025/webapp/src/main/java/com/cmds) by extension 'colcon_pkg'
[1.604s] Level 1:colcon.colcon_core.package_identification:_identify(Carleton-Mail-Delivery-Robot-2025/webapp/src/main/java/com/cmds) by extensions ['colcon_meta']
[1.605s] Level 1:colcon.colcon_core.package_identification:_identify(Carleton-Mail-Delivery-Robot-2025/webapp/src/main/java/com/cmds) by extension 'colcon_meta'
[1.605s] Level 1:colcon.colcon_core.package_identification:_identify(Carleton-Mail-Delivery-Robot-2025/webapp/src/main/java/com/cmds) by extensions ['ros']
[1.605s] Level 1:colcon.colcon_core.package_identification:_identify(Carleton-Mail-Delivery-Robot-2025/webapp/src/main/java/com/cmds) by extension 'ros'
[1.606s] Level 1:colcon.colcon_core.package_identification:_identify(Carleton-Mail-Delivery-Robot-2025/webapp/src/main/java/com/cmds) by extensions ['cmake', 'python']
[1.606s] Level 1:colcon.colcon_core.package_identification:_identify(Carleton-Mail-Delivery-Robot-2025/webapp/src/main/java/com/cmds) by extension 'cmake'
[1.606s] Level 1:colcon.colcon_core.package_identification:_identify(Carleton-Mail-Delivery-Robot-2025/webapp/src/main/java/com/cmds) by extension 'python'
[1.606s] Level 1:colcon.colcon_core.package_identification:_identify(Carleton-Mail-Delivery-Robot-2025/webapp/src/main/java/com/cmds) by extensions ['python_setup_py']
[1.607s] Level 1:colcon.colcon_core.package_identification:_identify(Carleton-Mail-Delivery-Robot-2025/webapp/src/main/java/com/cmds) by extension 'python_setup_py'
[1.607s] Level 1:colcon.colcon_core.package_identification:_identify(Carleton-Mail-Delivery-Robot-2025/webapp/src/main/java/com/cmds/webapp) by extensions ['ignore', 'ignore_ament_install']
[1.608s] Level 1:colcon.colcon_core.package_identification:_identify(Carleton-Mail-Delivery-Robot-2025/webapp/src/main/java/com/cmds/webapp) by extension 'ignore'
[1.608s] Level 1:colcon.colcon_core.package_identification:_identify(Carleton-Mail-Delivery-Robot-2025/webapp/src/main/java/com/cmds/webapp) by extension 'ignore_ament_install'
[1.608s] Level 1:colcon.colcon_core.package_identification:_identify(Carleton-Mail-Delivery-Robot-2025/webapp/src/main/java/com/cmds/webapp) by extensions ['colcon_pkg']
[1.609s] Level 1:colcon.colcon_core.package_identification:_identify(Carleton-Mail-Delivery-Robot-2025/webapp/src/main/java/com/cmds/webapp) by extension 'colcon_pkg'
[1.609s] Level 1:colcon.colcon_core.package_identification:_identify(Carleton-Mail-Delivery-Robot-2025/webapp/src/main/java/com/cmds/webapp) by extensions ['colcon_meta']
[1.609s] Level 1:colcon.colcon_core.package_identification:_identify(Carleton-Mail-Delivery-Robot-2025/webapp/src/main/java/com/cmds/webapp) by extension 'colcon_meta'
[1.610s] Level 1:colcon.colcon_core.package_identification:_identify(Carleton-Mail-Delivery-Robot-2025/webapp/src/main/java/com/cmds/webapp) by extensions ['ros']
[1.610s] Level 1:colcon.colcon_core.package_identification:_identify(Carleton-Mail-Delivery-Robot-2025/webapp/src/main/java/com/cmds/webapp) by extension 'ros'
[1.610s] Level 1:colcon.colcon_core.package_identification:_identify(Carleton-Mail-Delivery-Robot-2025/webapp/src/main/java/com/cmds/webapp) by extensions ['cmake', 'python']
[1.610s] Level 1:colcon.colcon_core.package_identification:_identify(Carleton-Mail-Delivery-Robot-2025/webapp/src/main/java/com/cmds/webapp) by extension 'cmake'
[1.611s] Level 1:colcon.colcon_core.package_identification:_identify(Carleton-Mail-Delivery-Robot-2025/webapp/src/main/java/com/cmds/webapp) by extension 'python'
[1.611s] Level 1:colcon.colcon_core.package_identification:_identify(Carleton-Mail-Delivery-Robot-2025/webapp/src/main/java/com/cmds/webapp) by extensions ['python_setup_py']
[1.611s] Level 1:colcon.colcon_core.package_identification:_identify(Carleton-Mail-Delivery-Robot-2025/webapp/src/main/java/com/cmds/webapp) by extension 'python_setup_py'
[1.612s] Level 1:colcon.colcon_core.package_identification:_identify(Carleton-Mail-Delivery-Robot-2025/webapp/src/main/java/com/cmds/webapp/aspect) by extensions ['ignore', 'ignore_ament_install']
[1.612s] Level 1:colcon.colcon_core.package_identification:_identify(Carleton-Mail-Delivery-Robot-2025/webapp/src/main/java/com/cmds/webapp/aspect) by extension 'ignore'
[1.613s] Level 1:colcon.colcon_core.package_identification:_identify(Carleton-Mail-Delivery-Robot-2025/webapp/src/main/java/com/cmds/webapp/aspect) by extension 'ignore_ament_install'
[1.613s] Level 1:colcon.colcon_core.package_identification:_identify(Carleton-Mail-Delivery-Robot-2025/webapp/src/main/java/com/cmds/webapp/aspect) by extensions ['colcon_pkg']
[1.613s] Level 1:colcon.colcon_core.package_identification:_identify(Carleton-Mail-Delivery-Robot-2025/webapp/src/main/java/com/cmds/webapp/aspect) by extension 'colcon_pkg'
[1.613s] Level 1:colcon.colcon_core.package_identification:_identify(Carleton-Mail-Delivery-Robot-2025/webapp/src/main/java/com/cmds/webapp/aspect) by extensions ['colcon_meta']
[1.613s] Level 1:colcon.colcon_core.package_identification:_identify(Carleton-Mail-Delivery-Robot-2025/webapp/src/main/java/com/cmds/webapp/aspect) by extension 'colcon_meta'
[1.614s] Level 1:colcon.colcon_core.package_identification:_identify(Carleton-Mail-Delivery-Robot-2025/webapp/src/main/java/com/cmds/webapp/aspect) by extensions ['ros']
[1.614s] Level 1:colcon.colcon_core.package_identification:_identify(Carleton-Mail-Delivery-Robot-2025/webapp/src/main/java/com/cmds/webapp/aspect) by extension 'ros'
[1.615s] Level 1:colcon.colcon_core.package_identification:_identify(Carleton-Mail-Delivery-Robot-2025/webapp/src/main/java/com/cmds/webapp/aspect) by extensions ['cmake', 'python']
[1.615s] Level 1:colcon.colcon_core.package_identification:_identify(Carleton-Mail-Delivery-Robot-2025/webapp/src/main/java/com/cmds/webapp/aspect) by extension 'cmake'
[1.615s] Level 1:colcon.colcon_core.package_identification:_identify(Carleton-Mail-Delivery-Robot-2025/webapp/src/main/java/com/cmds/webapp/aspect) by extension 'python'
[1.615s] Level 1:colcon.colcon_core.package_identification:_identify(Carleton-Mail-Delivery-Robot-2025/webapp/src/main/java/com/cmds/webapp/aspect) by extensions ['python_setup_py']
[1.615s] Level 1:colcon.colcon_core.package_identification:_identify(Carleton-Mail-Delivery-Robot-2025/webapp/src/main/java/com/cmds/webapp/aspect) by extension 'python_setup_py'
[1.616s] Level 1:colcon.colcon_core.package_identification:_identify(Carleton-Mail-Delivery-Robot-2025/webapp/src/main/java/com/cmds/webapp/controllers) by extensions ['ignore', 'ignore_ament_install']
[1.617s] Level 1:colcon.colcon_core.package_identification:_identify(Carleton-Mail-Delivery-Robot-2025/webapp/src/main/java/com/cmds/webapp/controllers) by extension 'ignore'
[1.617s] Level 1:colcon.colcon_core.package_identification:_identify(Carleton-Mail-Delivery-Robot-2025/webapp/src/main/java/com/cmds/webapp/controllers) by extension 'ignore_ament_install'
[1.617s] Level 1:colcon.colcon_core.package_identification:_identify(Carleton-Mail-Delivery-Robot-2025/webapp/src/main/java/com/cmds/webapp/controllers) by extensions ['colcon_pkg']
[1.617s] Level 1:colcon.colcon_core.package_identification:_identify(Carleton-Mail-Delivery-Robot-2025/webapp/src/main/java/com/cmds/webapp/controllers) by extension 'colcon_pkg'
[1.618s] Level 1:colcon.colcon_core.package_identification:_identify(Carleton-Mail-Delivery-Robot-2025/webapp/src/main/java/com/cmds/webapp/controllers) by extensions ['colcon_meta']
[1.618s] Level 1:colcon.colcon_core.package_identification:_identify(Carleton-Mail-Delivery-Robot-2025/webapp/src/main/java/com/cmds/webapp/controllers) by extension 'colcon_meta'
[1.618s] Level 1:colcon.colcon_core.package_identification:_identify(Carleton-Mail-Delivery-Robot-2025/webapp/src/main/java/com/cmds/webapp/controllers) by extensions ['ros']
[1.618s] Level 1:colcon.colcon_core.package_identification:_identify(Carleton-Mail-Delivery-Robot-2025/webapp/src/main/java/com/cmds/webapp/controllers) by extension 'ros'
[1.619s] Level 1:colcon.colcon_core.package_identification:_identify(Carleton-Mail-Delivery-Robot-2025/webapp/src/main/java/com/cmds/webapp/controllers) by extensions ['cmake', 'python']
[1.619s] Level 1:colcon.colcon_core.package_identification:_identify(Carleton-Mail-Delivery-Robot-2025/webapp/src/main/java/com/cmds/webapp/controllers) by extension 'cmake'
[1.619s] Level 1:colcon.colcon_core.package_identification:_identify(Carleton-Mail-Delivery-Robot-2025/webapp/src/main/java/com/cmds/webapp/controllers) by extension 'python'
[1.620s] Level 1:colcon.colcon_core.package_identification:_identify(Carleton-Mail-Delivery-Robot-2025/webapp/src/main/java/com/cmds/webapp/controllers) by extensions ['python_setup_py']
[1.620s] Level 1:colcon.colcon_core.package_identification:_identify(Carleton-Mail-Delivery-Robot-2025/webapp/src/main/java/com/cmds/webapp/controllers) by extension 'python_setup_py'
[1.621s] Level 1:colcon.colcon_core.package_identification:_identify(Carleton-Mail-Delivery-Robot-2025/webapp/src/main/java/com/cmds/webapp/models) by extensions ['ignore', 'ignore_ament_install']
[1.621s] Level 1:colcon.colcon_core.package_identification:_identify(Carleton-Mail-Delivery-Robot-2025/webapp/src/main/java/com/cmds/webapp/models) by extension 'ignore'
[1.621s] Level 1:colcon.colcon_core.package_identification:_identify(Carleton-Mail-Delivery-Robot-2025/webapp/src/main/java/com/cmds/webapp/models) by extension 'ignore_ament_install'
[1.622s] Level 1:colcon.colcon_core.package_identification:_identify(Carleton-Mail-Delivery-Robot-2025/webapp/src/main/java/com/cmds/webapp/models) by extensions ['colcon_pkg']
[1.622s] Level 1:colcon.colcon_core.package_identification:_identify(Carleton-Mail-Delivery-Robot-2025/webapp/src/main/java/com/cmds/webapp/models) by extension 'colcon_pkg'
[1.622s] Level 1:colcon.colcon_core.package_identification:_identify(Carleton-Mail-Delivery-Robot-2025/webapp/src/main/java/com/cmds/webapp/models) by extensions ['colcon_meta']
[1.622s] Level 1:colcon.colcon_core.package_identification:_identify(Carleton-Mail-Delivery-Robot-2025/webapp/src/main/java/com/cmds/webapp/models) by extension 'colcon_meta'
[1.623s] Level 1:colcon.colcon_core.package_identification:_identify(Carleton-Mail-Delivery-Robot-2025/webapp/src/main/java/com/cmds/webapp/models) by extensions ['ros']
[1.623s] Level 1:colcon.colcon_core.package_identification:_identify(Carleton-Mail-Delivery-Robot-2025/webapp/src/main/java/com/cmds/webapp/models) by extension 'ros'
[1.623s] Level 1:colcon.colcon_core.package_identification:_identify(Carleton-Mail-Delivery-Robot-2025/webapp/src/main/java/com/cmds/webapp/models) by extensions ['cmake', 'python']
[1.624s] Level 1:colcon.colcon_core.package_identification:_identify(Carleton-Mail-Delivery-Robot-2025/webapp/src/main/java/com/cmds/webapp/models) by extension 'cmake'
[1.624s] Level 1:colcon.colcon_core.package_identification:_identify(Carleton-Mail-Delivery-Robot-2025/webapp/src/main/java/com/cmds/webapp/models) by extension 'python'
[1.624s] Level 1:colcon.colcon_core.package_identification:_identify(Carleton-Mail-Delivery-Robot-2025/webapp/src/main/java/com/cmds/webapp/models) by extensions ['python_setup_py']
[1.624s] Level 1:colcon.colcon_core.package_identification:_identify(Carleton-Mail-Delivery-Robot-2025/webapp/src/main/java/com/cmds/webapp/models) by extension 'python_setup_py'
[1.625s] Level 1:colcon.colcon_core.package_identification:_identify(Carleton-Mail-Delivery-Robot-2025/webapp/src/main/java/com/cmds/webapp/repos) by extensions ['ignore', 'ignore_ament_install']
[1.625s] Level 1:colcon.colcon_core.package_identification:_identify(Carleton-Mail-Delivery-Robot-2025/webapp/src/main/java/com/cmds/webapp/repos) by extension 'ignore'
[1.626s] Level 1:colcon.colcon_core.package_identification:_identify(Carleton-Mail-Delivery-Robot-2025/webapp/src/main/java/com/cmds/webapp/repos) by extension 'ignore_ament_install'
[1.626s] Level 1:colcon.colcon_core.package_identification:_identify(Carleton-Mail-Delivery-Robot-2025/webapp/src/main/java/com/cmds/webapp/repos) by extensions ['colcon_pkg']
[1.626s] Level 1:colcon.colcon_core.package_identification:_identify(Carleton-Mail-Delivery-Robot-2025/webapp/src/main/java/com/cmds/webapp/repos) by extension 'colcon_pkg'
[1.627s] Level 1:colcon.colcon_core.package_identification:_identify(Carleton-Mail-Delivery-Robot-2025/webapp/src/main/java/com/cmds/webapp/repos) by extensions ['colcon_meta']
[1.627s] Level 1:colcon.colcon_core.package_identification:_identify(Carleton-Mail-Delivery-Robot-2025/webapp/src/main/java/com/cmds/webapp/repos) by extension 'colcon_meta'
[1.627s] Level 1:colcon.colcon_core.package_identification:_identify(Carleton-Mail-Delivery-Robot-2025/webapp/src/main/java/com/cmds/webapp/repos) by extensions ['ros']
[1.627s] Level 1:colcon.colcon_core.package_identification:_identify(Carleton-Mail-Delivery-Robot-2025/webapp/src/main/java/com/cmds/webapp/repos) by extension 'ros'
[1.628s] Level 1:colcon.colcon_core.package_identification:_identify(Carleton-Mail-Delivery-Robot-2025/webapp/src/main/java/com/cmds/webapp/repos) by extensions ['cmake', 'python']
[1.628s] Level 1:colcon.colcon_core.package_identification:_identify(Carleton-Mail-Delivery-Robot-2025/webapp/src/main/java/com/cmds/webapp/repos) by extension 'cmake'
[1.628s] Level 1:colcon.colcon_core.package_identification:_identify(Carleton-Mail-Delivery-Robot-2025/webapp/src/main/java/com/cmds/webapp/repos) by extension 'python'
[1.628s] Level 1:colcon.colcon_core.package_identification:_identify(Carleton-Mail-Delivery-Robot-2025/webapp/src/main/java/com/cmds/webapp/repos) by extensions ['python_setup_py']
[1.629s] Level 1:colcon.colcon_core.package_identification:_identify(Carleton-Mail-Delivery-Robot-2025/webapp/src/main/java/com/cmds/webapp/repos) by extension 'python_setup_py'
[1.629s] Level 1:colcon.colcon_core.package_identification:_identify(Carleton-Mail-Delivery-Robot-2025/webapp/src/main/resources) by extensions ['ignore', 'ignore_ament_install']
[1.630s] Level 1:colcon.colcon_core.package_identification:_identify(Carleton-Mail-Delivery-Robot-2025/webapp/src/main/resources) by extension 'ignore'
[1.630s] Level 1:colcon.colcon_core.package_identification:_identify(Carleton-Mail-Delivery-Robot-2025/webapp/src/main/resources) by extension 'ignore_ament_install'
[1.630s] Level 1:colcon.colcon_core.package_identification:_identify(Carleton-Mail-Delivery-Robot-2025/webapp/src/main/resources) by extensions ['colcon_pkg']
[1.631s] Level 1:colcon.colcon_core.package_identification:_identify(Carleton-Mail-Delivery-Robot-2025/webapp/src/main/resources) by extension 'colcon_pkg'
[1.631s] Level 1:colcon.colcon_core.package_identification:_identify(Carleton-Mail-Delivery-Robot-2025/webapp/src/main/resources) by extensions ['colcon_meta']
[1.631s] Level 1:colcon.colcon_core.package_identification:_identify(Carleton-Mail-Delivery-Robot-2025/webapp/src/main/resources) by extension 'colcon_meta'
[1.631s] Level 1:colcon.colcon_core.package_identification:_identify(Carleton-Mail-Delivery-Robot-2025/webapp/src/main/resources) by extensions ['ros']
[1.631s] Level 1:colcon.colcon_core.package_identification:_identify(Carleton-Mail-Delivery-Robot-2025/webapp/src/main/resources) by extension 'ros'
[1.632s] Level 1:colcon.colcon_core.package_identification:_identify(Carleton-Mail-Delivery-Robot-2025/webapp/src/main/resources) by extensions ['cmake', 'python']
[1.632s] Level 1:colcon.colcon_core.package_identification:_identify(Carleton-Mail-Delivery-Robot-2025/webapp/src/main/resources) by extension 'cmake'
[1.632s] Level 1:colcon.colcon_core.package_identification:_identify(Carleton-Mail-Delivery-Robot-2025/webapp/src/main/resources) by extension 'python'
[1.633s] Level 1:colcon.colcon_core.package_identification:_identify(Carleton-Mail-Delivery-Robot-2025/webapp/src/main/resources) by extensions ['python_setup_py']
[1.633s] Level 1:colcon.colcon_core.package_identification:_identify(Carleton-Mail-Delivery-Robot-2025/webapp/src/main/resources) by extension 'python_setup_py'
[1.633s] Level 1:colcon.colcon_core.package_identification:_identify(Carleton-Mail-Delivery-Robot-2025/webapp/src/main/resources/static) by extensions ['ignore', 'ignore_ament_install']
[1.634s] Level 1:colcon.colcon_core.package_identification:_identify(Carleton-Mail-Delivery-Robot-2025/webapp/src/main/resources/static) by extension 'ignore'
[1.634s] Level 1:colcon.colcon_core.package_identification:_identify(Carleton-Mail-Delivery-Robot-2025/webapp/src/main/resources/static) by extension 'ignore_ament_install'
[1.635s] Level 1:colcon.colcon_core.package_identification:_identify(Carleton-Mail-Delivery-Robot-2025/webapp/src/main/resources/static) by extensions ['colcon_pkg']
[1.635s] Level 1:colcon.colcon_core.package_identification:_identify(Carleton-Mail-Delivery-Robot-2025/webapp/src/main/resources/static) by extension 'colcon_pkg'
[1.635s] Level 1:colcon.colcon_core.package_identification:_identify(Carleton-Mail-Delivery-Robot-2025/webapp/src/main/resources/static) by extensions ['colcon_meta']
[1.635s] Level 1:colcon.colcon_core.package_identification:_identify(Carleton-Mail-Delivery-Robot-2025/webapp/src/main/resources/static) by extension 'colcon_meta'
[1.636s] Level 1:colcon.colcon_core.package_identification:_identify(Carleton-Mail-Delivery-Robot-2025/webapp/src/main/resources/static) by extensions ['ros']
[1.636s] Level 1:colcon.colcon_core.package_identification:_identify(Carleton-Mail-Delivery-Robot-2025/webapp/src/main/resources/static) by extension 'ros'
[1.636s] Level 1:colcon.colcon_core.package_identification:_identify(Carleton-Mail-Delivery-Robot-2025/webapp/src/main/resources/static) by extensions ['cmake', 'python']
[1.637s] Level 1:colcon.colcon_core.package_identification:_identify(Carleton-Mail-Delivery-Robot-2025/webapp/src/main/resources/static) by extension 'cmake'
[1.637s] Level 1:colcon.colcon_core.package_identification:_identify(Carleton-Mail-Delivery-Robot-2025/webapp/src/main/resources/static) by extension 'python'
[1.637s] Level 1:colcon.colcon_core.package_identification:_identify(Carleton-Mail-Delivery-Robot-2025/webapp/src/main/resources/static) by extensions ['python_setup_py']
[1.637s] Level 1:colcon.colcon_core.package_identification:_identify(Carleton-Mail-Delivery-Robot-2025/webapp/src/main/resources/static) by extension 'python_setup_py'
[1.638s] Level 1:colcon.colcon_core.package_identification:_identify(Carleton-Mail-Delivery-Robot-2025/webapp/src/main/resources/static/static) by extensions ['ignore', 'ignore_ament_install']
[1.638s] Level 1:colcon.colcon_core.package_identification:_identify(Carleton-Mail-Delivery-Robot-2025/webapp/src/main/resources/static/static) by extension 'ignore'
[1.639s] Level 1:colcon.colcon_core.package_identification:_identify(Carleton-Mail-Delivery-Robot-2025/webapp/src/main/resources/static/static) by extension 'ignore_ament_install'
[1.639s] Level 1:colcon.colcon_core.package_identification:_identify(Carleton-Mail-Delivery-Robot-2025/webapp/src/main/resources/static/static) by extensions ['colcon_pkg']
[1.639s] Level 1:colcon.colcon_core.package_identification:_identify(Carleton-Mail-Delivery-Robot-2025/webapp/src/main/resources/static/static) by extension 'colcon_pkg'
[1.639s] Level 1:colcon.colcon_core.package_identification:_identify(Carleton-Mail-Delivery-Robot-2025/webapp/src/main/resources/static/static) by extensions ['colcon_meta']
[1.639s] Level 1:colcon.colcon_core.package_identification:_identify(Carleton-Mail-Delivery-Robot-2025/webapp/src/main/resources/static/static) by extension 'colcon_meta'
[1.640s] Level 1:colcon.colcon_core.package_identification:_identify(Carleton-Mail-Delivery-Robot-2025/webapp/src/main/resources/static/static) by extensions ['ros']
[1.640s] Level 1:colcon.colcon_core.package_identification:_identify(Carleton-Mail-Delivery-Robot-2025/webapp/src/main/resources/static/static) by extension 'ros'
[1.641s] Level 1:colcon.colcon_core.package_identification:_identify(Carleton-Mail-Delivery-Robot-2025/webapp/src/main/resources/static/static) by extensions ['cmake', 'python']
[1.641s] Level 1:colcon.colcon_core.package_identification:_identify(Carleton-Mail-Delivery-Robot-2025/webapp/src/main/resources/static/static) by extension 'cmake'
[1.641s] Level 1:colcon.colcon_core.package_identification:_identify(Carleton-Mail-Delivery-Robot-2025/webapp/src/main/resources/static/static) by extension 'python'
[1.641s] Level 1:colcon.colcon_core.package_identification:_identify(Carleton-Mail-Delivery-Robot-2025/webapp/src/main/resources/static/static) by extensions ['python_setup_py']
[1.641s] Level 1:colcon.colcon_core.package_identification:_identify(Carleton-Mail-Delivery-Robot-2025/webapp/src/main/resources/static/static) by extension 'python_setup_py'
[1.642s] Level 1:colcon.colcon_core.package_identification:_identify(Carleton-Mail-Delivery-Robot-2025/webapp/src/main/resources/static/static/css) by extensions ['ignore', 'ignore_ament_install']
[1.643s] Level 1:colcon.colcon_core.package_identification:_identify(Carleton-Mail-Delivery-Robot-2025/webapp/src/main/resources/static/static/css) by extension 'ignore'
[1.643s] Level 1:colcon.colcon_core.package_identification:_identify(Carleton-Mail-Delivery-Robot-2025/webapp/src/main/resources/static/static/css) by extension 'ignore_ament_install'
[1.643s] Level 1:colcon.colcon_core.package_identification:_identify(Carleton-Mail-Delivery-Robot-2025/webapp/src/main/resources/static/static/css) by extensions ['colcon_pkg']
[1.643s] Level 1:colcon.colcon_core.package_identification:_identify(Carleton-Mail-Delivery-Robot-2025/webapp/src/main/resources/static/static/css) by extension 'colcon_pkg'
[1.644s] Level 1:colcon.colcon_core.package_identification:_identify(Carleton-Mail-Delivery-Robot-2025/webapp/src/main/resources/static/static/css) by extensions ['colcon_meta']
[1.644s] Level 1:colcon.colcon_core.package_identification:_identify(Carleton-Mail-Delivery-Robot-2025/webapp/src/main/resources/static/static/css) by extension 'colcon_meta'
[1.644s] Level 1:colcon.colcon_core.package_identification:_identify(Carleton-Mail-Delivery-Robot-2025/webapp/src/main/resources/static/static/css) by extensions ['ros']
[1.644s] Level 1:colcon.colcon_core.package_identification:_identify(Carleton-Mail-Delivery-Robot-2025/webapp/src/main/resources/static/static/css) by extension 'ros'
[1.645s] Level 1:colcon.colcon_core.package_identification:_identify(Carleton-Mail-Delivery-Robot-2025/webapp/src/main/resources/static/static/css) by extensions ['cmake', 'python']
[1.645s] Level 1:colcon.colcon_core.package_identification:_identify(Carleton-Mail-Delivery-Robot-2025/webapp/src/main/resources/static/static/css) by extension 'cmake'
[1.645s] Level 1:colcon.colcon_core.package_identification:_identify(Carleton-Mail-Delivery-Robot-2025/webapp/src/main/resources/static/static/css) by extension 'python'
[1.645s] Level 1:colcon.colcon_core.package_identification:_identify(Carleton-Mail-Delivery-Robot-2025/webapp/src/main/resources/static/static/css) by extensions ['python_setup_py']
[1.646s] Level 1:colcon.colcon_core.package_identification:_identify(Carleton-Mail-Delivery-Robot-2025/webapp/src/main/resources/static/static/css) by extension 'python_setup_py'
[1.646s] Level 1:colcon.colcon_core.package_identification:_identify(Carleton-Mail-Delivery-Robot-2025/webapp/src/main/resources/static/static/images) by extensions ['ignore', 'ignore_ament_install']
[1.647s] Level 1:colcon.colcon_core.package_identification:_identify(Carleton-Mail-Delivery-Robot-2025/webapp/src/main/resources/static/static/images) by extension 'ignore'
[1.647s] Level 1:colcon.colcon_core.package_identification:_identify(Carleton-Mail-Delivery-Robot-2025/webapp/src/main/resources/static/static/images) by extension 'ignore_ament_install'
[1.647s] Level 1:colcon.colcon_core.package_identification:_identify(Carleton-Mail-Delivery-Robot-2025/webapp/src/main/resources/static/static/images) by extensions ['colcon_pkg']
[1.648s] Level 1:colcon.colcon_core.package_identification:_identify(Carleton-Mail-Delivery-Robot-2025/webapp/src/main/resources/static/static/images) by extension 'colcon_pkg'
[1.648s] Level 1:colcon.colcon_core.package_identification:_identify(Carleton-Mail-Delivery-Robot-2025/webapp/src/main/resources/static/static/images) by extensions ['colcon_meta']
[1.648s] Level 1:colcon.colcon_core.package_identification:_identify(Carleton-Mail-Delivery-Robot-2025/webapp/src/main/resources/static/static/images) by extension 'colcon_meta'
[1.648s] Level 1:colcon.colcon_core.package_identification:_identify(Carleton-Mail-Delivery-Robot-2025/webapp/src/main/resources/static/static/images) by extensions ['ros']
[1.649s] Level 1:colcon.colcon_core.package_identification:_identify(Carleton-Mail-Delivery-Robot-2025/webapp/src/main/resources/static/static/images) by extension 'ros'
[1.649s] Level 1:colcon.colcon_core.package_identification:_identify(Carleton-Mail-Delivery-Robot-2025/webapp/src/main/resources/static/static/images) by extensions ['cmake', 'python']
[1.649s] Level 1:colcon.colcon_core.package_identification:_identify(Carleton-Mail-Delivery-Robot-2025/webapp/src/main/resources/static/static/images) by extension 'cmake'
[1.649s] Level 1:colcon.colcon_core.package_identification:_identify(Carleton-Mail-Delivery-Robot-2025/webapp/src/main/resources/static/static/images) by extension 'python'
[1.650s] Level 1:colcon.colcon_core.package_identification:_identify(Carleton-Mail-Delivery-Robot-2025/webapp/src/main/resources/static/static/images) by extensions ['python_setup_py']
[1.650s] Level 1:colcon.colcon_core.package_identification:_identify(Carleton-Mail-Delivery-Robot-2025/webapp/src/main/resources/static/static/images) by extension 'python_setup_py'
[1.651s] Level 1:colcon.colcon_core.package_identification:_identify(Carleton-Mail-Delivery-Robot-2025/webapp/src/main/resources/static/static/scripts) by extensions ['ignore', 'ignore_ament_install']
[1.651s] Level 1:colcon.colcon_core.package_identification:_identify(Carleton-Mail-Delivery-Robot-2025/webapp/src/main/resources/static/static/scripts) by extension 'ignore'
[1.651s] Level 1:colcon.colcon_core.package_identification:_identify(Carleton-Mail-Delivery-Robot-2025/webapp/src/main/resources/static/static/scripts) by extension 'ignore_ament_install'
[1.652s] Level 1:colcon.colcon_core.package_identification:_identify(Carleton-Mail-Delivery-Robot-2025/webapp/src/main/resources/static/static/scripts) by extensions ['colcon_pkg']
[1.652s] Level 1:colcon.colcon_core.package_identification:_identify(Carleton-Mail-Delivery-Robot-2025/webapp/src/main/resources/static/static/scripts) by extension 'colcon_pkg'
[1.652s] Level 1:colcon.colcon_core.package_identification:_identify(Carleton-Mail-Delivery-Robot-2025/webapp/src/main/resources/static/static/scripts) by extensions ['colcon_meta']
[1.652s] Level 1:colcon.colcon_core.package_identification:_identify(Carleton-Mail-Delivery-Robot-2025/webapp/src/main/resources/static/static/scripts) by extension 'colcon_meta'
[1.653s] Level 1:colcon.colcon_core.package_identification:_identify(Carleton-Mail-Delivery-Robot-2025/webapp/src/main/resources/static/static/scripts) by extensions ['ros']
[1.653s] Level 1:colcon.colcon_core.package_identification:_identify(Carleton-Mail-Delivery-Robot-2025/webapp/src/main/resources/static/static/scripts) by extension 'ros'
[1.653s] Level 1:colcon.colcon_core.package_identification:_identify(Carleton-Mail-Delivery-Robot-2025/webapp/src/main/resources/static/static/scripts) by extensions ['cmake', 'python']
[1.654s] Level 1:colcon.colcon_core.package_identification:_identify(Carleton-Mail-Delivery-Robot-2025/webapp/src/main/resources/static/static/scripts) by extension 'cmake'
[1.654s] Level 1:colcon.colcon_core.package_identification:_identify(Carleton-Mail-Delivery-Robot-2025/webapp/src/main/resources/static/static/scripts) by extension 'python'
[1.654s] Level 1:colcon.colcon_core.package_identification:_identify(Carleton-Mail-Delivery-Robot-2025/webapp/src/main/resources/static/static/scripts) by extensions ['python_setup_py']
[1.654s] Level 1:colcon.colcon_core.package_identification:_identify(Carleton-Mail-Delivery-Robot-2025/webapp/src/main/resources/static/static/scripts) by extension 'python_setup_py'
[1.655s] Level 1:colcon.colcon_core.package_identification:_identify(Carleton-Mail-Delivery-Robot-2025/webapp/src/main/resources/templates) by extensions ['ignore', 'ignore_ament_install']
[1.656s] Level 1:colcon.colcon_core.package_identification:_identify(Carleton-Mail-Delivery-Robot-2025/webapp/src/main/resources/templates) by extension 'ignore'
[1.656s] Level 1:colcon.colcon_core.package_identification:_identify(Carleton-Mail-Delivery-Robot-2025/webapp/src/main/resources/templates) by extension 'ignore_ament_install'
[1.656s] Level 1:colcon.colcon_core.package_identification:_identify(Carleton-Mail-Delivery-Robot-2025/webapp/src/main/resources/templates) by extensions ['colcon_pkg']
[1.656s] Level 1:colcon.colcon_core.package_identification:_identify(Carleton-Mail-Delivery-Robot-2025/webapp/src/main/resources/templates) by extension 'colcon_pkg'
[1.657s] Level 1:colcon.colcon_core.package_identification:_identify(Carleton-Mail-Delivery-Robot-2025/webapp/src/main/resources/templates) by extensions ['colcon_meta']
[1.657s] Level 1:colcon.colcon_core.package_identification:_identify(Carleton-Mail-Delivery-Robot-2025/webapp/src/main/resources/templates) by extension 'colcon_meta'
[1.657s] Level 1:colcon.colcon_core.package_identification:_identify(Carleton-Mail-Delivery-Robot-2025/webapp/src/main/resources/templates) by extensions ['ros']
[1.657s] Level 1:colcon.colcon_core.package_identification:_identify(Carleton-Mail-Delivery-Robot-2025/webapp/src/main/resources/templates) by extension 'ros'
[1.658s] Level 1:colcon.colcon_core.package_identification:_identify(Carleton-Mail-Delivery-Robot-2025/webapp/src/main/resources/templates) by extensions ['cmake', 'python']
[1.658s] Level 1:colcon.colcon_core.package_identification:_identify(Carleton-Mail-Delivery-Robot-2025/webapp/src/main/resources/templates) by extension 'cmake'
[1.658s] Level 1:colcon.colcon_core.package_identification:_identify(Carleton-Mail-Delivery-Robot-2025/webapp/src/main/resources/templates) by extension 'python'
[1.658s] Level 1:colcon.colcon_core.package_identification:_identify(Carleton-Mail-Delivery-Robot-2025/webapp/src/main/resources/templates) by extensions ['python_setup_py']
[1.658s] Level 1:colcon.colcon_core.package_identification:_identify(Carleton-Mail-Delivery-Robot-2025/webapp/src/main/resources/templates) by extension 'python_setup_py'
[1.659s] Level 1:colcon.colcon_core.package_identification:_identify(Carleton-Mail-Delivery-Robot-2025/webapp/src/test) by extensions ['ignore', 'ignore_ament_install']
[1.659s] Level 1:colcon.colcon_core.package_identification:_identify(Carleton-Mail-Delivery-Robot-2025/webapp/src/test) by extension 'ignore'
[1.660s] Level 1:colcon.colcon_core.package_identification:_identify(Carleton-Mail-Delivery-Robot-2025/webapp/src/test) by extension 'ignore_ament_install'
[1.660s] Level 1:colcon.colcon_core.package_identification:_identify(Carleton-Mail-Delivery-Robot-2025/webapp/src/test) by extensions ['colcon_pkg']
[1.660s] Level 1:colcon.colcon_core.package_identification:_identify(Carleton-Mail-Delivery-Robot-2025/webapp/src/test) by extension 'colcon_pkg'
[1.660s] Level 1:colcon.colcon_core.package_identification:_identify(Carleton-Mail-Delivery-Robot-2025/webapp/src/test) by extensions ['colcon_meta']
[1.661s] Level 1:colcon.colcon_core.package_identification:_identify(Carleton-Mail-Delivery-Robot-2025/webapp/src/test) by extension 'colcon_meta'
[1.661s] Level 1:colcon.colcon_core.package_identification:_identify(Carleton-Mail-Delivery-Robot-2025/webapp/src/test) by extensions ['ros']
[1.661s] Level 1:colcon.colcon_core.package_identification:_identify(Carleton-Mail-Delivery-Robot-2025/webapp/src/test) by extension 'ros'
[1.661s] Level 1:colcon.colcon_core.package_identification:_identify(Carleton-Mail-Delivery-Robot-2025/webapp/src/test) by extensions ['cmake', 'python']
[1.662s] Level 1:colcon.colcon_core.package_identification:_identify(Carleton-Mail-Delivery-Robot-2025/webapp/src/test) by extension 'cmake'
[1.662s] Level 1:colcon.colcon_core.package_identification:_identify(Carleton-Mail-Delivery-Robot-2025/webapp/src/test) by extension 'python'
[1.662s] Level 1:colcon.colcon_core.package_identification:_identify(Carleton-Mail-Delivery-Robot-2025/webapp/src/test) by extensions ['python_setup_py']
[1.662s] Level 1:colcon.colcon_core.package_identification:_identify(Carleton-Mail-Delivery-Robot-2025/webapp/src/test) by extension 'python_setup_py'
[1.663s] Level 1:colcon.colcon_core.package_identification:_identify(Carleton-Mail-Delivery-Robot-2025/webapp/src/test/java) by extensions ['ignore', 'ignore_ament_install']
[1.663s] Level 1:colcon.colcon_core.package_identification:_identify(Carleton-Mail-Delivery-Robot-2025/webapp/src/test/java) by extension 'ignore'
[1.664s] Level 1:colcon.colcon_core.package_identification:_identify(Carleton-Mail-Delivery-Robot-2025/webapp/src/test/java) by extension 'ignore_ament_install'
[1.664s] Level 1:colcon.colcon_core.package_identification:_identify(Carleton-Mail-Delivery-Robot-2025/webapp/src/test/java) by extensions ['colcon_pkg']
[1.664s] Level 1:colcon.colcon_core.package_identification:_identify(Carleton-Mail-Delivery-Robot-2025/webapp/src/test/java) by extension 'colcon_pkg'
[1.664s] Level 1:colcon.colcon_core.package_identification:_identify(Carleton-Mail-Delivery-Robot-2025/webapp/src/test/java) by extensions ['colcon_meta']
[1.664s] Level 1:colcon.colcon_core.package_identification:_identify(Carleton-Mail-Delivery-Robot-2025/webapp/src/test/java) by extension 'colcon_meta'
[1.665s] Level 1:colcon.colcon_core.package_identification:_identify(Carleton-Mail-Delivery-Robot-2025/webapp/src/test/java) by extensions ['ros']
[1.665s] Level 1:colcon.colcon_core.package_identification:_identify(Carleton-Mail-Delivery-Robot-2025/webapp/src/test/java) by extension 'ros'
[1.665s] Level 1:colcon.colcon_core.package_identification:_identify(Carleton-Mail-Delivery-Robot-2025/webapp/src/test/java) by extensions ['cmake', 'python']
[1.666s] Level 1:colcon.colcon_core.package_identification:_identify(Carleton-Mail-Delivery-Robot-2025/webapp/src/test/java) by extension 'cmake'
[1.666s] Level 1:colcon.colcon_core.package_identification:_identify(Carleton-Mail-Delivery-Robot-2025/webapp/src/test/java) by extension 'python'
[1.666s] Level 1:colcon.colcon_core.package_identification:_identify(Carleton-Mail-Delivery-Robot-2025/webapp/src/test/java) by extensions ['python_setup_py']
[1.666s] Level 1:colcon.colcon_core.package_identification:_identify(Carleton-Mail-Delivery-Robot-2025/webapp/src/test/java) by extension 'python_setup_py'
[1.667s] Level 1:colcon.colcon_core.package_identification:_identify(Carleton-Mail-Delivery-Robot-2025/webapp/src/test/java/com) by extensions ['ignore', 'ignore_ament_install']
[1.667s] Level 1:colcon.colcon_core.package_identification:_identify(Carleton-Mail-Delivery-Robot-2025/webapp/src/test/java/com) by extension 'ignore'
[1.668s] Level 1:colcon.colcon_core.package_identification:_identify(Carleton-Mail-Delivery-Robot-2025/webapp/src/test/java/com) by extension 'ignore_ament_install'
[1.668s] Level 1:colcon.colcon_core.package_identification:_identify(Carleton-Mail-Delivery-Robot-2025/webapp/src/test/java/com) by extensions ['colcon_pkg']
[1.668s] Level 1:colcon.colcon_core.package_identification:_identify(Carleton-Mail-Delivery-Robot-2025/webapp/src/test/java/com) by extension 'colcon_pkg'
[1.668s] Level 1:colcon.colcon_core.package_identification:_identify(Carleton-Mail-Delivery-Robot-2025/webapp/src/test/java/com) by extensions ['colcon_meta']
[1.668s] Level 1:colcon.colcon_core.package_identification:_identify(Carleton-Mail-Delivery-Robot-2025/webapp/src/test/java/com) by extension 'colcon_meta'
[1.669s] Level 1:colcon.colcon_core.package_identification:_identify(Carleton-Mail-Delivery-Robot-2025/webapp/src/test/java/com) by extensions ['ros']
[1.669s] Level 1:colcon.colcon_core.package_identification:_identify(Carleton-Mail-Delivery-Robot-2025/webapp/src/test/java/com) by extension 'ros'
[1.669s] Level 1:colcon.colcon_core.package_identification:_identify(Carleton-Mail-Delivery-Robot-2025/webapp/src/test/java/com) by extensions ['cmake', 'python']
[1.670s] Level 1:colcon.colcon_core.package_identification:_identify(Carleton-Mail-Delivery-Robot-2025/webapp/src/test/java/com) by extension 'cmake'
[1.670s] Level 1:colcon.colcon_core.package_identification:_identify(Carleton-Mail-Delivery-Robot-2025/webapp/src/test/java/com) by extension 'python'
[1.670s] Level 1:colcon.colcon_core.package_identification:_identify(Carleton-Mail-Delivery-Robot-2025/webapp/src/test/java/com) by extensions ['python_setup_py']
[1.670s] Level 1:colcon.colcon_core.package_identification:_identify(Carleton-Mail-Delivery-Robot-2025/webapp/src/test/java/com) by extension 'python_setup_py'
[1.671s] Level 1:colcon.colcon_core.package_identification:_identify(Carleton-Mail-Delivery-Robot-2025/webapp/src/test/java/com/cmds) by extensions ['ignore', 'ignore_ament_install']
[1.671s] Level 1:colcon.colcon_core.package_identification:_identify(Carleton-Mail-Delivery-Robot-2025/webapp/src/test/java/com/cmds) by extension 'ignore'
[1.672s] Level 1:colcon.colcon_core.package_identification:_identify(Carleton-Mail-Delivery-Robot-2025/webapp/src/test/java/com/cmds) by extension 'ignore_ament_install'
[1.672s] Level 1:colcon.colcon_core.package_identification:_identify(Carleton-Mail-Delivery-Robot-2025/webapp/src/test/java/com/cmds) by extensions ['colcon_pkg']
[1.672s] Level 1:colcon.colcon_core.package_identification:_identify(Carleton-Mail-Delivery-Robot-2025/webapp/src/test/java/com/cmds) by extension 'colcon_pkg'
[1.672s] Level 1:colcon.colcon_core.package_identification:_identify(Carleton-Mail-Delivery-Robot-2025/webapp/src/test/java/com/cmds) by extensions ['colcon_meta']
[1.672s] Level 1:colcon.colcon_core.package_identification:_identify(Carleton-Mail-Delivery-Robot-2025/webapp/src/test/java/com/cmds) by extension 'colcon_meta'
[1.673s] Level 1:colcon.colcon_core.package_identification:_identify(Carleton-Mail-Delivery-Robot-2025/webapp/src/test/java/com/cmds) by extensions ['ros']
[1.673s] Level 1:colcon.colcon_core.package_identification:_identify(Carleton-Mail-Delivery-Robot-2025/webapp/src/test/java/com/cmds) by extension 'ros'
[1.674s] Level 1:colcon.colcon_core.package_identification:_identify(Carleton-Mail-Delivery-Robot-2025/webapp/src/test/java/com/cmds) by extensions ['cmake', 'python']
[1.674s] Level 1:colcon.colcon_core.package_identification:_identify(Carleton-Mail-Delivery-Robot-2025/webapp/src/test/java/com/cmds) by extension 'cmake'
[1.674s] Level 1:colcon.colcon_core.package_identification:_identify(Carleton-Mail-Delivery-Robot-2025/webapp/src/test/java/com/cmds) by extension 'python'
[1.674s] Level 1:colcon.colcon_core.package_identification:_identify(Carleton-Mail-Delivery-Robot-2025/webapp/src/test/java/com/cmds) by extensions ['python_setup_py']
[1.674s] Level 1:colcon.colcon_core.package_identification:_identify(Carleton-Mail-Delivery-Robot-2025/webapp/src/test/java/com/cmds) by extension 'python_setup_py'
[1.675s] Level 1:colcon.colcon_core.package_identification:_identify(Carleton-Mail-Delivery-Robot-2025/webapp/src/test/java/com/cmds/webapp) by extensions ['ignore', 'ignore_ament_install']
[1.676s] Level 1:colcon.colcon_core.package_identification:_identify(Carleton-Mail-Delivery-Robot-2025/webapp/src/test/java/com/cmds/webapp) by extension 'ignore'
[1.676s] Level 1:colcon.colcon_core.package_identification:_identify(Carleton-Mail-Delivery-Robot-2025/webapp/src/test/java/com/cmds/webapp) by extension 'ignore_ament_install'
[1.676s] Level 1:colcon.colcon_core.package_identification:_identify(Carleton-Mail-Delivery-Robot-2025/webapp/src/test/java/com/cmds/webapp) by extensions ['colcon_pkg']
[1.676s] Level 1:colcon.colcon_core.package_identification:_identify(Carleton-Mail-Delivery-Robot-2025/webapp/src/test/java/com/cmds/webapp) by extension 'colcon_pkg'
[1.676s] Level 1:colcon.colcon_core.package_identification:_identify(Carleton-Mail-Delivery-Robot-2025/webapp/src/test/java/com/cmds/webapp) by extensions ['colcon_meta']
[1.677s] Level 1:colcon.colcon_core.package_identification:_identify(Carleton-Mail-Delivery-Robot-2025/webapp/src/test/java/com/cmds/webapp) by extension 'colcon_meta'
[1.677s] Level 1:colcon.colcon_core.package_identification:_identify(Carleton-Mail-Delivery-Robot-2025/webapp/src/test/java/com/cmds/webapp) by extensions ['ros']
[1.677s] Level 1:colcon.colcon_core.package_identification:_identify(Carleton-Mail-Delivery-Robot-2025/webapp/src/test/java/com/cmds/webapp) by extension 'ros'
[1.678s] Level 1:colcon.colcon_core.package_identification:_identify(Carleton-Mail-Delivery-Robot-2025/webapp/src/test/java/com/cmds/webapp) by extensions ['cmake', 'python']
[1.678s] Level 1:colcon.colcon_core.package_identification:_identify(Carleton-Mail-Delivery-Robot-2025/webapp/src/test/java/com/cmds/webapp) by extension 'cmake'
[1.678s] Level 1:colcon.colcon_core.package_identification:_identify(Carleton-Mail-Delivery-Robot-2025/webapp/src/test/java/com/cmds/webapp) by extension 'python'
[1.678s] Level 1:colcon.colcon_core.package_identification:_identify(Carleton-Mail-Delivery-Robot-2025/webapp/src/test/java/com/cmds/webapp) by extensions ['python_setup_py']
[1.679s] Level 1:colcon.colcon_core.package_identification:_identify(Carleton-Mail-Delivery-Robot-2025/webapp/src/test/java/com/cmds/webapp) by extension 'python_setup_py'
[1.679s] Level 1:colcon.colcon_core.package_identification:_identify(build) by extensions ['ignore', 'ignore_ament_install']
[1.680s] Level 1:colcon.colcon_core.package_identification:_identify(build) by extension 'ignore'
[1.680s] Level 1:colcon.colcon_core.package_identification:_identify(build) ignored
[1.680s] Level 1:colcon.colcon_core.package_identification:_identify(documents) by extensions ['ignore', 'ignore_ament_install']
[1.681s] Level 1:colcon.colcon_core.package_identification:_identify(documents) by extension 'ignore'
[1.681s] Level 1:colcon.colcon_core.package_identification:_identify(documents) by extension 'ignore_ament_install'
[1.681s] Level 1:colcon.colcon_core.package_identification:_identify(documents) by extensions ['colcon_pkg']
[1.681s] Level 1:colcon.colcon_core.package_identification:_identify(documents) by extension 'colcon_pkg'
[1.682s] Level 1:colcon.colcon_core.package_identification:_identify(documents) by extensions ['colcon_meta']
[1.682s] Level 1:colcon.colcon_core.package_identification:_identify(documents) by extension 'colcon_meta'
[1.682s] Level 1:colcon.colcon_core.package_identification:_identify(documents) by extensions ['ros']
[1.682s] Level 1:colcon.colcon_core.package_identification:_identify(documents) by extension 'ros'
[1.683s] Level 1:colcon.colcon_core.package_identification:_identify(documents) by extensions ['cmake', 'python']
[1.683s] Level 1:colcon.colcon_core.package_identification:_identify(documents) by extension 'cmake'
[1.683s] Level 1:colcon.colcon_core.package_identification:_identify(documents) by extension 'python'
[1.683s] Level 1:colcon.colcon_core.package_identification:_identify(documents) by extensions ['python_setup_py']
[1.683s] Level 1:colcon.colcon_core.package_identification:_identify(documents) by extension 'python_setup_py'
[1.684s] Level 1:colcon.colcon_core.package_identification:_identify(install) by extensions ['ignore', 'ignore_ament_install']
[1.684s] Level 1:colcon.colcon_core.package_identification:_identify(install) by extension 'ignore'
[1.685s] Level 1:colcon.colcon_core.package_identification:_identify(install) ignored
[1.685s] Level 1:colcon.colcon_core.package_identification:_identify(log) by extensions ['ignore', 'ignore_ament_install']
[1.685s] Level 1:colcon.colcon_core.package_identification:_identify(log) by extension 'ignore'
[1.686s] Level 1:colcon.colcon_core.package_identification:_identify(log) ignored
[1.686s] Level 1:colcon.colcon_core.package_identification:_identify(mail-delivery-robot) by extensions ['ignore', 'ignore_ament_install']
[1.687s] Level 1:colcon.colcon_core.package_identification:_identify(mail-delivery-robot) by extension 'ignore'
[1.687s] Level 1:colcon.colcon_core.package_identification:_identify(mail-delivery-robot) by extension 'ignore_ament_install'
[1.687s] Level 1:colcon.colcon_core.package_identification:_identify(mail-delivery-robot) by extensions ['colcon_pkg']
[1.687s] Level 1:colcon.colcon_core.package_identification:_identify(mail-delivery-robot) by extension 'colcon_pkg'
[1.688s] Level 1:colcon.colcon_core.package_identification:_identify(mail-delivery-robot) by extensions ['colcon_meta']
[1.688s] Level 1:colcon.colcon_core.package_identification:_identify(mail-delivery-robot) by extension 'colcon_meta'
[1.688s] Level 1:colcon.colcon_core.package_identification:_identify(mail-delivery-robot) by extensions ['ros']
[1.688s] Level 1:colcon.colcon_core.package_identification:_identify(mail-delivery-robot) by extension 'ros'
[1.698s] DEBUG:colcon.colcon_core.package_identification:Package 'mail-delivery-robot' with type 'ros.ament_python' and name 'mail-delivery-robot'
[1.699s] Level 1:colcon.colcon_core.package_identification:_identify(webapp) by extensions ['ignore', 'ignore_ament_install']
[1.699s] Level 1:colcon.colcon_core.package_identification:_identify(webapp) by extension 'ignore'
[1.699s] Level 1:colcon.colcon_core.package_identification:_identify(webapp) by extension 'ignore_ament_install'
[1.700s] Level 1:colcon.colcon_core.package_identification:_identify(webapp) by extensions ['colcon_pkg']
[1.700s] Level 1:colcon.colcon_core.package_identification:_identify(webapp) by extension 'colcon_pkg'
[1.700s] Level 1:colcon.colcon_core.package_identification:_identify(webapp) by extensions ['colcon_meta']
[1.700s] Level 1:colcon.colcon_core.package_identification:_identify(webapp) by extension 'colcon_meta'
[1.700s] Level 1:colcon.colcon_core.package_identification:_identify(webapp) by extensions ['ros']
[1.701s] Level 1:colcon.colcon_core.package_identification:_identify(webapp) by extension 'ros'
[1.701s] Level 1:colcon.colcon_core.package_identification:_identify(webapp) by extensions ['cmake', 'python']
[1.701s] Level 1:colcon.colcon_core.package_identification:_identify(webapp) by extension 'cmake'
[1.701s] Level 1:colcon.colcon_core.package_identification:_identify(webapp) by extension 'python'
[1.702s] Level 1:colcon.colcon_core.package_identification:_identify(webapp) by extensions ['python_setup_py']
[1.702s] Level 1:colcon.colcon_core.package_identification:_identify(webapp) by extension 'python_setup_py'
[1.702s] Level 1:colcon.colcon_core.package_identification:_identify(webapp/src) by extensions ['ignore', 'ignore_ament_install']
[1.703s] Level 1:colcon.colcon_core.package_identification:_identify(webapp/src) by extension 'ignore'
[1.703s] Level 1:colcon.colcon_core.package_identification:_identify(webapp/src) by extension 'ignore_ament_install'
[1.703s] Level 1:colcon.colcon_core.package_identification:_identify(webapp/src) by extensions ['colcon_pkg']
[1.703s] Level 1:colcon.colcon_core.package_identification:_identify(webapp/src) by extension 'colcon_pkg'
[1.704s] Level 1:colcon.colcon_core.package_identification:_identify(webapp/src) by extensions ['colcon_meta']
[1.704s] Level 1:colcon.colcon_core.package_identification:_identify(webapp/src) by extension 'colcon_meta'
[1.704s] Level 1:colcon.colcon_core.package_identification:_identify(webapp/src) by extensions ['ros']
[1.704s] Level 1:colcon.colcon_core.package_identification:_identify(webapp/src) by extension 'ros'
[1.705s] Level 1:colcon.colcon_core.package_identification:_identify(webapp/src) by extensions ['cmake', 'python']
[1.705s] Level 1:colcon.colcon_core.package_identification:_identify(webapp/src) by extension 'cmake'
[1.705s] Level 1:colcon.colcon_core.package_identification:_identify(webapp/src) by extension 'python'
[1.705s] Level 1:colcon.colcon_core.package_identification:_identify(webapp/src) by extensions ['python_setup_py']
[1.705s] Level 1:colcon.colcon_core.package_identification:_identify(webapp/src) by extension 'python_setup_py'
[1.706s] Level 1:colcon.colcon_core.package_identification:_identify(webapp/src/main) by extensions ['ignore', 'ignore_ament_install']
[1.706s] Level 1:colcon.colcon_core.package_identification:_identify(webapp/src/main) by extension 'ignore'
[1.707s] Level 1:colcon.colcon_core.package_identification:_identify(webapp/src/main) by extension 'ignore_ament_install'
[1.707s] Level 1:colcon.colcon_core.package_identification:_identify(webapp/src/main) by extensions ['colcon_pkg']
[1.707s] Level 1:colcon.colcon_core.package_identification:_identify(webapp/src/main) by extension 'colcon_pkg'
[1.707s] Level 1:colcon.colcon_core.package_identification:_identify(webapp/src/main) by extensions ['colcon_meta']
[1.707s] Level 1:colcon.colcon_core.package_identification:_identify(webapp/src/main) by extension 'colcon_meta'
[1.708s] Level 1:colcon.colcon_core.package_identification:_identify(webapp/src/main) by extensions ['ros']
[1.708s] Level 1:colcon.colcon_core.package_identification:_identify(webapp/src/main) by extension 'ros'
[1.708s] Level 1:colcon.colcon_core.package_identification:_identify(webapp/src/main) by extensions ['cmake', 'python']
[1.708s] Level 1:colcon.colcon_core.package_identification:_identify(webapp/src/main) by extension 'cmake'
[1.709s] Level 1:colcon.colcon_core.package_identification:_identify(webapp/src/main) by extension 'python'
[1.709s] Level 1:colcon.colcon_core.package_identification:_identify(webapp/src/main) by extensions ['python_setup_py']
[1.709s] Level 1:colcon.colcon_core.package_identification:_identify(webapp/src/main) by extension 'python_setup_py'
[1.710s] Level 1:colcon.colcon_core.package_identification:_identify(webapp/src/main/java) by extensions ['ignore', 'ignore_ament_install']
[1.710s] Level 1:colcon.colcon_core.package_identification:_identify(webapp/src/main/java) by extension 'ignore'
[1.710s] Level 1:colcon.colcon_core.package_identification:_identify(webapp/src/main/java) by extension 'ignore_ament_install'
[1.711s] Level 1:colcon.colcon_core.package_identification:_identify(webapp/src/main/java) by extensions ['colcon_pkg']
[1.711s] Level 1:colcon.colcon_core.package_identification:_identify(webapp/src/main/java) by extension 'colcon_pkg'
[1.711s] Level 1:colcon.colcon_core.package_identification:_identify(webapp/src/main/java) by extensions ['colcon_meta']
[1.711s] Level 1:colcon.colcon_core.package_identification:_identify(webapp/src/main/java) by extension 'colcon_meta'
[1.711s] Level 1:colcon.colcon_core.package_identification:_identify(webapp/src/main/java) by extensions ['ros']
[1.712s] Level 1:colcon.colcon_core.package_identification:_identify(webapp/src/main/java) by extension 'ros'
[1.712s] Level 1:colcon.colcon_core.package_identification:_identify(webapp/src/main/java) by extensions ['cmake', 'python']
[1.712s] Level 1:colcon.colcon_core.package_identification:_identify(webapp/src/main/java) by extension 'cmake'
[1.712s] Level 1:colcon.colcon_core.package_identification:_identify(webapp/src/main/java) by extension 'python'
[1.712s] Level 1:colcon.colcon_core.package_identification:_identify(webapp/src/main/java) by extensions ['python_setup_py']
[1.713s] Level 1:colcon.colcon_core.package_identification:_identify(webapp/src/main/java) by extension 'python_setup_py'
[1.713s] Level 1:colcon.colcon_core.package_identification:_identify(webapp/src/main/java/com) by extensions ['ignore', 'ignore_ament_install']
[1.714s] Level 1:colcon.colcon_core.package_identification:_identify(webapp/src/main/java/com) by extension 'ignore'
[1.714s] Level 1:colcon.colcon_core.package_identification:_identify(webapp/src/main/java/com) by extension 'ignore_ament_install'
[1.714s] Level 1:colcon.colcon_core.package_identification:_identify(webapp/src/main/java/com) by extensions ['colcon_pkg']
[1.714s] Level 1:colcon.colcon_core.package_identification:_identify(webapp/src/main/java/com) by extension 'colcon_pkg'
[1.715s] Level 1:colcon.colcon_core.package_identification:_identify(webapp/src/main/java/com) by extensions ['colcon_meta']
[1.715s] Level 1:colcon.colcon_core.package_identification:_identify(webapp/src/main/java/com) by extension 'colcon_meta'
[1.715s] Level 1:colcon.colcon_core.package_identification:_identify(webapp/src/main/java/com) by extensions ['ros']
[1.715s] Level 1:colcon.colcon_core.package_identification:_identify(webapp/src/main/java/com) by extension 'ros'
[1.716s] Level 1:colcon.colcon_core.package_identification:_identify(webapp/src/main/java/com) by extensions ['cmake', 'python']
[1.716s] Level 1:colcon.colcon_core.package_identification:_identify(webapp/src/main/java/com) by extension 'cmake'
[1.716s] Level 1:colcon.colcon_core.package_identification:_identify(webapp/src/main/java/com) by extension 'python'
[1.716s] Level 1:colcon.colcon_core.package_identification:_identify(webapp/src/main/java/com) by extensions ['python_setup_py']
[1.716s] Level 1:colcon.colcon_core.package_identification:_identify(webapp/src/main/java/com) by extension 'python_setup_py'
[1.717s] Level 1:colcon.colcon_core.package_identification:_identify(webapp/src/main/java/com/cmds) by extensions ['ignore', 'ignore_ament_install']
[1.717s] Level 1:colcon.colcon_core.package_identification:_identify(webapp/src/main/java/com/cmds) by extension 'ignore'
[1.718s] Level 1:colcon.colcon_core.package_identification:_identify(webapp/src/main/java/com/cmds) by extension 'ignore_ament_install'
[1.718s] Level 1:colcon.colcon_core.package_identification:_identify(webapp/src/main/java/com/cmds) by extensions ['colcon_pkg']
[1.718s] Level 1:colcon.colcon_core.package_identification:_identify(webapp/src/main/java/com/cmds) by extension 'colcon_pkg'
[1.718s] Level 1:colcon.colcon_core.package_identification:_identify(webapp/src/main/java/com/cmds) by extensions ['colcon_meta']
[1.719s] Level 1:colcon.colcon_core.package_identification:_identify(webapp/src/main/java/com/cmds) by extension 'colcon_meta'
[1.719s] Level 1:colcon.colcon_core.package_identification:_identify(webapp/src/main/java/com/cmds) by extensions ['ros']
[1.719s] Level 1:colcon.colcon_core.package_identification:_identify(webapp/src/main/java/com/cmds) by extension 'ros'
[1.719s] Level 1:colcon.colcon_core.package_identification:_identify(webapp/src/main/java/com/cmds) by extensions ['cmake', 'python']
[1.720s] Level 1:colcon.colcon_core.package_identification:_identify(webapp/src/main/java/com/cmds) by extension 'cmake'
[1.720s] Level 1:colcon.colcon_core.package_identification:_identify(webapp/src/main/java/com/cmds) by extension 'python'
[1.720s] Level 1:colcon.colcon_core.package_identification:_identify(webapp/src/main/java/com/cmds) by extensions ['python_setup_py']
[1.720s] Level 1:colcon.colcon_core.package_identification:_identify(webapp/src/main/java/com/cmds) by extension 'python_setup_py'
[1.721s] Level 1:colcon.colcon_core.package_identification:_identify(webapp/src/main/java/com/cmds/webapp) by extensions ['ignore', 'ignore_ament_install']
[1.721s] Level 1:colcon.colcon_core.package_identification:_identify(webapp/src/main/java/com/cmds/webapp) by extension 'ignore'
[1.722s] Level 1:colcon.colcon_core.package_identification:_identify(webapp/src/main/java/com/cmds/webapp) by extension 'ignore_ament_install'
[1.722s] Level 1:colcon.colcon_core.package_identification:_identify(webapp/src/main/java/com/cmds/webapp) by extensions ['colcon_pkg']
[1.722s] Level 1:colcon.colcon_core.package_identification:_identify(webapp/src/main/java/com/cmds/webapp) by extension 'colcon_pkg'
[1.722s] Level 1:colcon.colcon_core.package_identification:_identify(webapp/src/main/java/com/cmds/webapp) by extensions ['colcon_meta']
[1.722s] Level 1:colcon.colcon_core.package_identification:_identify(webapp/src/main/java/com/cmds/webapp) by extension 'colcon_meta'
[1.723s] Level 1:colcon.colcon_core.package_identification:_identify(webapp/src/main/java/com/cmds/webapp) by extensions ['ros']
[1.723s] Level 1:colcon.colcon_core.package_identification:_identify(webapp/src/main/java/com/cmds/webapp) by extension 'ros'
[1.723s] Level 1:colcon.colcon_core.package_identification:_identify(webapp/src/main/java/com/cmds/webapp) by extensions ['cmake', 'python']
[1.723s] Level 1:colcon.colcon_core.package_identification:_identify(webapp/src/main/java/com/cmds/webapp) by extension 'cmake'
[1.724s] Level 1:colcon.colcon_core.package_identification:_identify(webapp/src/main/java/com/cmds/webapp) by extension 'python'
[1.724s] Level 1:colcon.colcon_core.package_identification:_identify(webapp/src/main/java/com/cmds/webapp) by extensions ['python_setup_py']
[1.724s] Level 1:colcon.colcon_core.package_identification:_identify(webapp/src/main/java/com/cmds/webapp) by extension 'python_setup_py'
[1.725s] Level 1:colcon.colcon_core.package_identification:_identify(webapp/src/main/java/com/cmds/webapp/aspect) by extensions ['ignore', 'ignore_ament_install']
[1.725s] Level 1:colcon.colcon_core.package_identification:_identify(webapp/src/main/java/com/cmds/webapp/aspect) by extension 'ignore'
[1.725s] Level 1:colcon.colcon_core.package_identification:_identify(webapp/src/main/java/com/cmds/webapp/aspect) by extension 'ignore_ament_install'
[1.726s] Level 1:colcon.colcon_core.package_identification:_identify(webapp/src/main/java/com/cmds/webapp/aspect) by extensions ['colcon_pkg']
[1.726s] Level 1:colcon.colcon_core.package_identification:_identify(webapp/src/main/java/com/cmds/webapp/aspect) by extension 'colcon_pkg'
[1.726s] Level 1:colcon.colcon_core.package_identification:_identify(webapp/src/main/java/com/cmds/webapp/aspect) by extensions ['colcon_meta']
[1.726s] Level 1:colcon.colcon_core.package_identification:_identify(webapp/src/main/java/com/cmds/webapp/aspect) by extension 'colcon_meta'
[1.727s] Level 1:colcon.colcon_core.package_identification:_identify(webapp/src/main/java/com/cmds/webapp/aspect) by extensions ['ros']
[1.727s] Level 1:colcon.colcon_core.package_identification:_identify(webapp/src/main/java/com/cmds/webapp/aspect) by extension 'ros'
[1.727s] Level 1:colcon.colcon_core.package_identification:_identify(webapp/src/main/java/com/cmds/webapp/aspect) by extensions ['cmake', 'python']
[1.728s] Level 1:colcon.colcon_core.package_identification:_identify(webapp/src/main/java/com/cmds/webapp/aspect) by extension 'cmake'
[1.728s] Level 1:colcon.colcon_core.package_identification:_identify(webapp/src/main/java/com/cmds/webapp/aspect) by extension 'python'
[1.728s] Level 1:colcon.colcon_core.package_identification:_identify(webapp/src/main/java/com/cmds/webapp/aspect) by extensions ['python_setup_py']
[1.728s] Level 1:colcon.colcon_core.package_identification:_identify(webapp/src/main/java/com/cmds/webapp/aspect) by extension 'python_setup_py'
[1.729s] Level 1:colcon.colcon_core.package_identification:_identify(webapp/src/main/java/com/cmds/webapp/controllers) by extensions ['ignore', 'ignore_ament_install']
[1.729s] Level 1:colcon.colcon_core.package_identification:_identify(webapp/src/main/java/com/cmds/webapp/controllers) by extension 'ignore'
[1.729s] Level 1:colcon.colcon_core.package_identification:_identify(webapp/src/main/java/com/cmds/webapp/controllers) by extension 'ignore_ament_install'
[1.730s] Level 1:colcon.colcon_core.package_identification:_identify(webapp/src/main/java/com/cmds/webapp/controllers) by extensions ['colcon_pkg']
[1.730s] Level 1:colcon.colcon_core.package_identification:_identify(webapp/src/main/java/com/cmds/webapp/controllers) by extension 'colcon_pkg'
[1.730s] Level 1:colcon.colcon_core.package_identification:_identify(webapp/src/main/java/com/cmds/webapp/controllers) by extensions ['colcon_meta']
[1.730s] Level 1:colcon.colcon_core.package_identification:_identify(webapp/src/main/java/com/cmds/webapp/controllers) by extension 'colcon_meta'
[1.731s] Level 1:colcon.colcon_core.package_identification:_identify(webapp/src/main/java/com/cmds/webapp/controllers) by extensions ['ros']
[1.731s] Level 1:colcon.colcon_core.package_identification:_identify(webapp/src/main/java/com/cmds/webapp/controllers) by extension 'ros'
[1.731s] Level 1:colcon.colcon_core.package_identification:_identify(webapp/src/main/java/com/cmds/webapp/controllers) by extensions ['cmake', 'python']
[1.731s] Level 1:colcon.colcon_core.package_identification:_identify(webapp/src/main/java/com/cmds/webapp/controllers) by extension 'cmake'
[1.732s] Level 1:colcon.colcon_core.package_identification:_identify(webapp/src/main/java/com/cmds/webapp/controllers) by extension 'python'
[1.732s] Level 1:colcon.colcon_core.package_identification:_identify(webapp/src/main/java/com/cmds/webapp/controllers) by extensions ['python_setup_py']
[1.732s] Level 1:colcon.colcon_core.package_identification:_identify(webapp/src/main/java/com/cmds/webapp/controllers) by extension 'python_setup_py'
[1.733s] Level 1:colcon.colcon_core.package_identification:_identify(webapp/src/main/java/com/cmds/webapp/models) by extensions ['ignore', 'ignore_ament_install']
[1.733s] Level 1:colcon.colcon_core.package_identification:_identify(webapp/src/main/java/com/cmds/webapp/models) by extension 'ignore'
[1.733s] Level 1:colcon.colcon_core.package_identification:_identify(webapp/src/main/java/com/cmds/webapp/models) by extension 'ignore_ament_install'
[1.734s] Level 1:colcon.colcon_core.package_identification:_identify(webapp/src/main/java/com/cmds/webapp/models) by extensions ['colcon_pkg']
[1.734s] Level 1:colcon.colcon_core.package_identification:_identify(webapp/src/main/java/com/cmds/webapp/models) by extension 'colcon_pkg'
[1.734s] Level 1:colcon.colcon_core.package_identification:_identify(webapp/src/main/java/com/cmds/webapp/models) by extensions ['colcon_meta']
[1.734s] Level 1:colcon.colcon_core.package_identification:_identify(webapp/src/main/java/com/cmds/webapp/models) by extension 'colcon_meta'
[1.735s] Level 1:colcon.colcon_core.package_identification:_identify(webapp/src/main/java/com/cmds/webapp/models) by extensions ['ros']
[1.735s] Level 1:colcon.colcon_core.package_identification:_identify(webapp/src/main/java/com/cmds/webapp/models) by extension 'ros'
[1.735s] Level 1:colcon.colcon_core.package_identification:_identify(webapp/src/main/java/com/cmds/webapp/models) by extensions ['cmake', 'python']
[1.736s] Level 1:colcon.colcon_core.package_identification:_identify(webapp/src/main/java/com/cmds/webapp/models) by extension 'cmake'
[1.736s] Level 1:colcon.colcon_core.package_identification:_identify(webapp/src/main/java/com/cmds/webapp/models) by extension 'python'
[1.736s] Level 1:colcon.colcon_core.package_identification:_identify(webapp/src/main/java/com/cmds/webapp/models) by extensions ['python_setup_py']
[1.736s] Level 1:colcon.colcon_core.package_identification:_identify(webapp/src/main/java/com/cmds/webapp/models) by extension 'python_setup_py'
[1.737s] Level 1:colcon.colcon_core.package_identification:_identify(webapp/src/main/java/com/cmds/webapp/repos) by extensions ['ignore', 'ignore_ament_install']
[1.737s] Level 1:colcon.colcon_core.package_identification:_identify(webapp/src/main/java/com/cmds/webapp/repos) by extension 'ignore'
[1.738s] Level 1:colcon.colcon_core.package_identification:_identify(webapp/src/main/java/com/cmds/webapp/repos) by extension 'ignore_ament_install'
[1.738s] Level 1:colcon.colcon_core.package_identification:_identify(webapp/src/main/java/com/cmds/webapp/repos) by extensions ['colcon_pkg']
[1.738s] Level 1:colcon.colcon_core.package_identification:_identify(webapp/src/main/java/com/cmds/webapp/repos) by extension 'colcon_pkg'
[1.738s] Level 1:colcon.colcon_core.package_identification:_identify(webapp/src/main/java/com/cmds/webapp/repos) by extensions ['colcon_meta']
[1.739s] Level 1:colcon.colcon_core.package_identification:_identify(webapp/src/main/java/com/cmds/webapp/repos) by extension 'colcon_meta'
[1.739s] Level 1:colcon.colcon_core.package_identification:_identify(webapp/src/main/java/com/cmds/webapp/repos) by extensions ['ros']
[1.739s] Level 1:colcon.colcon_core.package_identification:_identify(webapp/src/main/java/com/cmds/webapp/repos) by extension 'ros'
[1.740s] Level 1:colcon.colcon_core.package_identification:_identify(webapp/src/main/java/com/cmds/webapp/repos) by extensions ['cmake', 'python']
[1.740s] Level 1:colcon.colcon_core.package_identification:_identify(webapp/src/main/java/com/cmds/webapp/repos) by extension 'cmake'
[1.740s] Level 1:colcon.colcon_core.package_identification:_identify(webapp/src/main/java/com/cmds/webapp/repos) by extension 'python'
[1.740s] Level 1:colcon.colcon_core.package_identification:_identify(webapp/src/main/java/com/cmds/webapp/repos) by extensions ['python_setup_py']
[1.740s] Level 1:colcon.colcon_core.package_identification:_identify(webapp/src/main/java/com/cmds/webapp/repos) by extension 'python_setup_py'
[1.741s] Level 1:colcon.colcon_core.package_identification:_identify(webapp/src/main/resources) by extensions ['ignore', 'ignore_ament_install']
[1.741s] Level 1:colcon.colcon_core.package_identification:_identify(webapp/src/main/resources) by extension 'ignore'
[1.742s] Level 1:colcon.colcon_core.package_identification:_identify(webapp/src/main/resources) by extension 'ignore_ament_install'
[1.742s] Level 1:colcon.colcon_core.package_identification:_identify(webapp/src/main/resources) by extensions ['colcon_pkg']
[1.742s] Level 1:colcon.colcon_core.package_identification:_identify(webapp/src/main/resources) by extension 'colcon_pkg'
[1.742s] Level 1:colcon.colcon_core.package_identification:_identify(webapp/src/main/resources) by extensions ['colcon_meta']
[1.742s] Level 1:colcon.colcon_core.package_identification:_identify(webapp/src/main/resources) by extension 'colcon_meta'
[1.743s] Level 1:colcon.colcon_core.package_identification:_identify(webapp/src/main/resources) by extensions ['ros']
[1.743s] Level 1:colcon.colcon_core.package_identification:_identify(webapp/src/main/resources) by extension 'ros'
[1.743s] Level 1:colcon.colcon_core.package_identification:_identify(webapp/src/main/resources) by extensions ['cmake', 'python']
[1.744s] Level 1:colcon.colcon_core.package_identification:_identify(webapp/src/main/resources) by extension 'cmake'
[1.744s] Level 1:colcon.colcon_core.package_identification:_identify(webapp/src/main/resources) by extension 'python'
[1.744s] Level 1:colcon.colcon_core.package_identification:_identify(webapp/src/main/resources) by extensions ['python_setup_py']
[1.744s] Level 1:colcon.colcon_core.package_identification:_identify(webapp/src/main/resources) by extension 'python_setup_py'
[1.745s] Level 1:colcon.colcon_core.package_identification:_identify(webapp/src/main/resources/static) by extensions ['ignore', 'ignore_ament_install']
[1.745s] Level 1:colcon.colcon_core.package_identification:_identify(webapp/src/main/resources/static) by extension 'ignore'
[1.745s] Level 1:colcon.colcon_core.package_identification:_identify(webapp/src/main/resources/static) by extension 'ignore_ament_install'
[1.746s] Level 1:colcon.colcon_core.package_identification:_identify(webapp/src/main/resources/static) by extensions ['colcon_pkg']
[1.746s] Level 1:colcon.colcon_core.package_identification:_identify(webapp/src/main/resources/static) by extension 'colcon_pkg'
[1.746s] Level 1:colcon.colcon_core.package_identification:_identify(webapp/src/main/resources/static) by extensions ['colcon_meta']
[1.746s] Level 1:colcon.colcon_core.package_identification:_identify(webapp/src/main/resources/static) by extension 'colcon_meta'
[1.746s] Level 1:colcon.colcon_core.package_identification:_identify(webapp/src/main/resources/static) by extensions ['ros']
[1.747s] Level 1:colcon.colcon_core.package_identification:_identify(webapp/src/main/resources/static) by extension 'ros'
[1.747s] Level 1:colcon.colcon_core.package_identification:_identify(webapp/src/main/resources/static) by extensions ['cmake', 'python']
[1.747s] Level 1:colcon.colcon_core.package_identification:_identify(webapp/src/main/resources/static) by extension 'cmake'
[1.747s] Level 1:colcon.colcon_core.package_identification:_identify(webapp/src/main/resources/static) by extension 'python'
[1.748s] Level 1:colcon.colcon_core.package_identification:_identify(webapp/src/main/resources/static) by extensions ['python_setup_py']
[1.748s] Level 1:colcon.colcon_core.package_identification:_identify(webapp/src/main/resources/static) by extension 'python_setup_py'
[1.748s] Level 1:colcon.colcon_core.package_identification:_identify(webapp/src/main/resources/static/static) by extensions ['ignore', 'ignore_ament_install']
[1.749s] Level 1:colcon.colcon_core.package_identification:_identify(webapp/src/main/resources/static/static) by extension 'ignore'
[1.749s] Level 1:colcon.colcon_core.package_identification:_identify(webapp/src/main/resources/static/static) by extension 'ignore_ament_install'
[1.749s] Level 1:colcon.colcon_core.package_identification:_identify(webapp/src/main/resources/static/static) by extensions ['colcon_pkg']
[1.749s] Level 1:colcon.colcon_core.package_identification:_identify(webapp/src/main/resources/static/static) by extension 'colcon_pkg'
[1.750s] Level 1:colcon.colcon_core.package_identification:_identify(webapp/src/main/resources/static/static) by extensions ['colcon_meta']
[1.750s] Level 1:colcon.colcon_core.package_identification:_identify(webapp/src/main/resources/static/static) by extension 'colcon_meta'
[1.750s] Level 1:colcon.colcon_core.package_identification:_identify(webapp/src/main/resources/static/static) by extensions ['ros']
[1.750s] Level 1:colcon.colcon_core.package_identification:_identify(webapp/src/main/resources/static/static) by extension 'ros'
[1.751s] Level 1:colcon.colcon_core.package_identification:_identify(webapp/src/main/resources/static/static) by extensions ['cmake', 'python']
[1.751s] Level 1:colcon.colcon_core.package_identification:_identify(webapp/src/main/resources/static/static) by extension 'cmake'
[1.751s] Level 1:colcon.colcon_core.package_identification:_identify(webapp/src/main/resources/static/static) by extension 'python'
[1.751s] Level 1:colcon.colcon_core.package_identification:_identify(webapp/src/main/resources/static/static) by extensions ['python_setup_py']
[1.752s] Level 1:colcon.colcon_core.package_identification:_identify(webapp/src/main/resources/static/static) by extension 'python_setup_py'
[1.752s] Level 1:colcon.colcon_core.package_identification:_identify(webapp/src/main/resources/static/static/css) by extensions ['ignore', 'ignore_ament_install']
[1.753s] Level 1:colcon.colcon_core.package_identification:_identify(webapp/src/main/resources/static/static/css) by extension 'ignore'
[1.753s] Level 1:colcon.colcon_core.package_identification:_identify(webapp/src/main/resources/static/static/css) by extension 'ignore_ament_install'
[1.753s] Level 1:colcon.colcon_core.package_identification:_identify(webapp/src/main/resources/static/static/css) by extensions ['colcon_pkg']
[1.753s] Level 1:colcon.colcon_core.package_identification:_identify(webapp/src/main/resources/static/static/css) by extension 'colcon_pkg'
[1.754s] Level 1:colcon.colcon_core.package_identification:_identify(webapp/src/main/resources/static/static/css) by extensions ['colcon_meta']
[1.754s] Level 1:colcon.colcon_core.package_identification:_identify(webapp/src/main/resources/static/static/css) by extension 'colcon_meta'
[1.754s] Level 1:colcon.colcon_core.package_identification:_identify(webapp/src/main/resources/static/static/css) by extensions ['ros']
[1.754s] Level 1:colcon.colcon_core.package_identification:_identify(webapp/src/main/resources/static/static/css) by extension 'ros'
[1.755s] Level 1:colcon.colcon_core.package_identification:_identify(webapp/src/main/resources/static/static/css) by extensions ['cmake', 'python']
[1.755s] Level 1:colcon.colcon_core.package_identification:_identify(webapp/src/main/resources/static/static/css) by extension 'cmake'
[1.755s] Level 1:colcon.colcon_core.package_identification:_identify(webapp/src/main/resources/static/static/css) by extension 'python'
[1.756s] Level 1:colcon.colcon_core.package_identification:_identify(webapp/src/main/resources/static/static/css) by extensions ['python_setup_py']
[1.756s] Level 1:colcon.colcon_core.package_identification:_identify(webapp/src/main/resources/static/static/css) by extension 'python_setup_py'
[1.757s] Level 1:colcon.colcon_core.package_identification:_identify(webapp/src/main/resources/static/static/images) by extensions ['ignore', 'ignore_ament_install']
[1.757s] Level 1:colcon.colcon_core.package_identification:_identify(webapp/src/main/resources/static/static/images) by extension 'ignore'
[1.758s] Level 1:colcon.colcon_core.package_identification:_identify(webapp/src/main/resources/static/static/images) by extension 'ignore_ament_install'
[1.758s] Level 1:colcon.colcon_core.package_identification:_identify(webapp/src/main/resources/static/static/images) by extensions ['colcon_pkg']
[1.758s] Level 1:colcon.colcon_core.package_identification:_identify(webapp/src/main/resources/static/static/images) by extension 'colcon_pkg'
[1.759s] Level 1:colcon.colcon_core.package_identification:_identify(webapp/src/main/resources/static/static/images) by extensions ['colcon_meta']
[1.759s] Level 1:colcon.colcon_core.package_identification:_identify(webapp/src/main/resources/static/static/images) by extension 'colcon_meta'
[1.759s] Level 1:colcon.colcon_core.package_identification:_identify(webapp/src/main/resources/static/static/images) by extensions ['ros']
[1.760s] Level 1:colcon.colcon_core.package_identification:_identify(webapp/src/main/resources/static/static/images) by extension 'ros'
[1.760s] Level 1:colcon.colcon_core.package_identification:_identify(webapp/src/main/resources/static/static/images) by extensions ['cmake', 'python']
[1.760s] Level 1:colcon.colcon_core.package_identification:_identify(webapp/src/main/resources/static/static/images) by extension 'cmake'
[1.761s] Level 1:colcon.colcon_core.package_identification:_identify(webapp/src/main/resources/static/static/images) by extension 'python'
[1.761s] Level 1:colcon.colcon_core.package_identification:_identify(webapp/src/main/resources/static/static/images) by extensions ['python_setup_py']
[1.761s] Level 1:colcon.colcon_core.package_identification:_identify(webapp/src/main/resources/static/static/images) by extension 'python_setup_py'
[1.762s] Level 1:colcon.colcon_core.package_identification:_identify(webapp/src/main/resources/static/static/scripts) by extensions ['ignore', 'ignore_ament_install']
[1.763s] Level 1:colcon.colcon_core.package_identification:_identify(webapp/src/main/resources/static/static/scripts) by extension 'ignore'
[1.763s] Level 1:colcon.colcon_core.package_identification:_identify(webapp/src/main/resources/static/static/scripts) by extension 'ignore_ament_install'
[1.764s] Level 1:colcon.colcon_core.package_identification:_identify(webapp/src/main/resources/static/static/scripts) by extensions ['colcon_pkg']
[1.764s] Level 1:colcon.colcon_core.package_identification:_identify(webapp/src/main/resources/static/static/scripts) by extension 'colcon_pkg'
[1.764s] Level 1:colcon.colcon_core.package_identification:_identify(webapp/src/main/resources/static/static/scripts) by extensions ['colcon_meta']
[1.764s] Level 1:colcon.colcon_core.package_identification:_identify(webapp/src/main/resources/static/static/scripts) by extension 'colcon_meta'
[1.765s] Level 1:colcon.colcon_core.package_identification:_identify(webapp/src/main/resources/static/static/scripts) by extensions ['ros']
[1.765s] Level 1:colcon.colcon_core.package_identification:_identify(webapp/src/main/resources/static/static/scripts) by extension 'ros'
[1.765s] Level 1:colcon.colcon_core.package_identification:_identify(webapp/src/main/resources/static/static/scripts) by extensions ['cmake', 'python']
[1.766s] Level 1:colcon.colcon_core.package_identification:_identify(webapp/src/main/resources/static/static/scripts) by extension 'cmake'
[1.766s] Level 1:colcon.colcon_core.package_identification:_identify(webapp/src/main/resources/static/static/scripts) by extension 'python'
[1.766s] Level 1:colcon.colcon_core.package_identification:_identify(webapp/src/main/resources/static/static/scripts) by extensions ['python_setup_py']
[1.767s] Level 1:colcon.colcon_core.package_identification:_identify(webapp/src/main/resources/static/static/scripts) by extension 'python_setup_py'
[1.768s] Level 1:colcon.colcon_core.package_identification:_identify(webapp/src/main/resources/templates) by extensions ['ignore', 'ignore_ament_install']
[1.768s] Level 1:colcon.colcon_core.package_identification:_identify(webapp/src/main/resources/templates) by extension 'ignore'
[1.769s] Level 1:colcon.colcon_core.package_identification:_identify(webapp/src/main/resources/templates) by extension 'ignore_ament_install'
[1.769s] Level 1:colcon.colcon_core.package_identification:_identify(webapp/src/main/resources/templates) by extensions ['colcon_pkg']
[1.769s] Level 1:colcon.colcon_core.package_identification:_identify(webapp/src/main/resources/templates) by extension 'colcon_pkg'
[1.770s] Level 1:colcon.colcon_core.package_identification:_identify(webapp/src/main/resources/templates) by extensions ['colcon_meta']
[1.770s] Level 1:colcon.colcon_core.package_identification:_identify(webapp/src/main/resources/templates) by extension 'colcon_meta'
[1.770s] Level 1:colcon.colcon_core.package_identification:_identify(webapp/src/main/resources/templates) by extensions ['ros']
[1.771s] Level 1:colcon.colcon_core.package_identification:_identify(webapp/src/main/resources/templates) by extension 'ros'
[1.771s] Level 1:colcon.colcon_core.package_identification:_identify(webapp/src/main/resources/templates) by extensions ['cmake', 'python']
[1.771s] Level 1:colcon.colcon_core.package_identification:_identify(webapp/src/main/resources/templates) by extension 'cmake'
[1.772s] Level 1:colcon.colcon_core.package_identification:_identify(webapp/src/main/resources/templates) by extension 'python'
[1.772s] Level 1:colcon.colcon_core.package_identification:_identify(webapp/src/main/resources/templates) by extensions ['python_setup_py']
[1.772s] Level 1:colcon.colcon_core.package_identification:_identify(webapp/src/main/resources/templates) by extension 'python_setup_py'
[1.773s] Level 1:colcon.colcon_core.package_identification:_identify(webapp/src/test) by extensions ['ignore', 'ignore_ament_install']
[1.773s] Level 1:colcon.colcon_core.package_identification:_identify(webapp/src/test) by extension 'ignore'
[1.774s] Level 1:colcon.colcon_core.package_identification:_identify(webapp/src/test) by extension 'ignore_ament_install'
[1.774s] Level 1:colcon.colcon_core.package_identification:_identify(webapp/src/test) by extensions ['colcon_pkg']
[1.774s] Level 1:colcon.colcon_core.package_identification:_identify(webapp/src/test) by extension 'colcon_pkg'
[1.774s] Level 1:colcon.colcon_core.package_identification:_identify(webapp/src/test) by extensions ['colcon_meta']
[1.775s] Level 1:colcon.colcon_core.package_identification:_identify(webapp/src/test) by extension 'colcon_meta'
[1.775s] Level 1:colcon.colcon_core.package_identification:_identify(webapp/src/test) by extensions ['ros']
[1.775s] Level 1:colcon.colcon_core.package_identification:_identify(webapp/src/test) by extension 'ros'
[1.775s] Level 1:colcon.colcon_core.package_identification:_identify(webapp/src/test) by extensions ['cmake', 'python']
[1.776s] Level 1:colcon.colcon_core.package_identification:_identify(webapp/src/test) by extension 'cmake'
[1.776s] Level 1:colcon.colcon_core.package_identification:_identify(webapp/src/test) by extension 'python'
[1.776s] Level 1:colcon.colcon_core.package_identification:_identify(webapp/src/test) by extensions ['python_setup_py']
[1.776s] Level 1:colcon.colcon_core.package_identification:_identify(webapp/src/test) by extension 'python_setup_py'
[1.777s] Level 1:colcon.colcon_core.package_identification:_identify(webapp/src/test/java) by extensions ['ignore', 'ignore_ament_install']
[1.777s] Level 1:colcon.colcon_core.package_identification:_identify(webapp/src/test/java) by extension 'ignore'
[1.777s] Level 1:colcon.colcon_core.package_identification:_identify(webapp/src/test/java) by extension 'ignore_ament_install'
[1.778s] Level 1:colcon.colcon_core.package_identification:_identify(webapp/src/test/java) by extensions ['colcon_pkg']
[1.778s] Level 1:colcon.colcon_core.package_identification:_identify(webapp/src/test/java) by extension 'colcon_pkg'
[1.778s] Level 1:colcon.colcon_core.package_identification:_identify(webapp/src/test/java) by extensions ['colcon_meta']
[1.778s] Level 1:colcon.colcon_core.package_identification:_identify(webapp/src/test/java) by extension 'colcon_meta'
[1.779s] Level 1:colcon.colcon_core.package_identification:_identify(webapp/src/test/java) by extensions ['ros']
[1.779s] Level 1:colcon.colcon_core.package_identification:_identify(webapp/src/test/java) by extension 'ros'
[1.779s] Level 1:colcon.colcon_core.package_identification:_identify(webapp/src/test/java) by extensions ['cmake', 'python']
[1.779s] Level 1:colcon.colcon_core.package_identification:_identify(webapp/src/test/java) by extension 'cmake'
[1.779s] Level 1:colcon.colcon_core.package_identification:_identify(webapp/src/test/java) by extension 'python'
[1.780s] Level 1:colcon.colcon_core.package_identification:_identify(webapp/src/test/java) by extensions ['python_setup_py']
[1.780s] Level 1:colcon.colcon_core.package_identification:_identify(webapp/src/test/java) by extension 'python_setup_py'
[1.780s] Level 1:colcon.colcon_core.package_identification:_identify(webapp/src/test/java/com) by extensions ['ignore', 'ignore_ament_install']
[1.781s] Level 1:colcon.colcon_core.package_identification:_identify(webapp/src/test/java/com) by extension 'ignore'
[1.781s] Level 1:colcon.colcon_core.package_identification:_identify(webapp/src/test/java/com) by extension 'ignore_ament_install'
[1.781s] Level 1:colcon.colcon_core.package_identification:_identify(webapp/src/test/java/com) by extensions ['colcon_pkg']
[1.782s] Level 1:colcon.colcon_core.package_identification:_identify(webapp/src/test/java/com) by extension 'colcon_pkg'
[1.782s] Level 1:colcon.colcon_core.package_identification:_identify(webapp/src/test/java/com) by extensions ['colcon_meta']
[1.782s] Level 1:colcon.colcon_core.package_identification:_identify(webapp/src/test/java/com) by extension 'colcon_meta'
[1.782s] Level 1:colcon.colcon_core.package_identification:_identify(webapp/src/test/java/com) by extensions ['ros']
[1.782s] Level 1:colcon.colcon_core.package_identification:_identify(webapp/src/test/java/com) by extension 'ros'
[1.783s] Level 1:colcon.colcon_core.package_identification:_identify(webapp/src/test/java/com) by extensions ['cmake', 'python']
[1.783s] Level 1:colcon.colcon_core.package_identification:_identify(webapp/src/test/java/com) by extension 'cmake'
[1.783s] Level 1:colcon.colcon_core.package_identification:_identify(webapp/src/test/java/com) by extension 'python'
[1.783s] Level 1:colcon.colcon_core.package_identification:_identify(webapp/src/test/java/com) by extensions ['python_setup_py']
[1.784s] Level 1:colcon.colcon_core.package_identification:_identify(webapp/src/test/java/com) by extension 'python_setup_py'
[1.784s] Level 1:colcon.colcon_core.package_identification:_identify(webapp/src/test/java/com/cmds) by extensions ['ignore', 'ignore_ament_install']
[1.785s] Level 1:colcon.colcon_core.package_identification:_identify(webapp/src/test/java/com/cmds) by extension 'ignore'
[1.785s] Level 1:colcon.colcon_core.package_identification:_identify(webapp/src/test/java/com/cmds) by extension 'ignore_ament_install'
[1.785s] Level 1:colcon.colcon_core.package_identification:_identify(webapp/src/test/java/com/cmds) by extensions ['colcon_pkg']
[1.785s] Level 1:colcon.colcon_core.package_identification:_identify(webapp/src/test/java/com/cmds) by extension 'colcon_pkg'
[1.785s] Level 1:colcon.colcon_core.package_identification:_identify(webapp/src/test/java/com/cmds) by extensions ['colcon_meta']
[1.786s] Level 1:colcon.colcon_core.package_identification:_identify(webapp/src/test/java/com/cmds) by extension 'colcon_meta'
[1.786s] Level 1:colcon.colcon_core.package_identification:_identify(webapp/src/test/java/com/cmds) by extensions ['ros']
[1.786s] Level 1:colcon.colcon_core.package_identification:_identify(webapp/src/test/java/com/cmds) by extension 'ros'
[1.787s] Level 1:colcon.colcon_core.package_identification:_identify(webapp/src/test/java/com/cmds) by extensions ['cmake', 'python']
[1.787s] Level 1:colcon.colcon_core.package_identification:_identify(webapp/src/test/java/com/cmds) by extension 'cmake'
[1.787s] Level 1:colcon.colcon_core.package_identification:_identify(webapp/src/test/java/com/cmds) by extension 'python'
[1.787s] Level 1:colcon.colcon_core.package_identification:_identify(webapp/src/test/java/com/cmds) by extensions ['python_setup_py']
[1.787s] Level 1:colcon.colcon_core.package_identification:_identify(webapp/src/test/java/com/cmds) by extension 'python_setup_py'
[1.788s] Level 1:colcon.colcon_core.package_identification:_identify(webapp/src/test/java/com/cmds/webapp) by extensions ['ignore', 'ignore_ament_install']
[1.788s] Level 1:colcon.colcon_core.package_identification:_identify(webapp/src/test/java/com/cmds/webapp) by extension 'ignore'
[1.789s] Level 1:colcon.colcon_core.package_identification:_identify(webapp/src/test/java/com/cmds/webapp) by extension 'ignore_ament_install'
[1.789s] Level 1:colcon.colcon_core.package_identification:_identify(webapp/src/test/java/com/cmds/webapp) by extensions ['colcon_pkg']
[1.789s] Level 1:colcon.colcon_core.package_identification:_identify(webapp/src/test/java/com/cmds/webapp) by extension 'colcon_pkg'
[1.789s] Level 1:colcon.colcon_core.package_identification:_identify(webapp/src/test/java/com/cmds/webapp) by extensions ['colcon_meta']
[1.790s] Level 1:colcon.colcon_core.package_identification:_identify(webapp/src/test/java/com/cmds/webapp) by extension 'colcon_meta'
[1.790s] Level 1:colcon.colcon_core.package_identification:_identify(webapp/src/test/java/com/cmds/webapp) by extensions ['ros']
[1.790s] Level 1:colcon.colcon_core.package_identification:_identify(webapp/src/test/java/com/cmds/webapp) by extension 'ros'
[1.791s] Level 1:colcon.colcon_core.package_identification:_identify(webapp/src/test/java/com/cmds/webapp) by extensions ['cmake', 'python']
[1.791s] Level 1:colcon.colcon_core.package_identification:_identify(webapp/src/test/java/com/cmds/webapp) by extension 'cmake'
[1.791s] Level 1:colcon.colcon_core.package_identification:_identify(webapp/src/test/java/com/cmds/webapp) by extension 'python'
[1.791s] Level 1:colcon.colcon_core.package_identification:_identify(webapp/src/test/java/com/cmds/webapp) by extensions ['python_setup_py']
[1.791s] Level 1:colcon.colcon_core.package_identification:_identify(webapp/src/test/java/com/cmds/webapp) by extension 'python_setup_py'
[1.792s] Level 1:colcon.colcon_core.package_discovery:discover_packages(recursive) using defaults
[1.792s] Level 1:colcon.colcon_core.package_discovery:discover_packages(ignore) discover
[1.792s] Level 1:colcon.colcon_core.package_discovery:discover_packages(ignore) using defaults
[1.792s] Level 1:colcon.colcon_core.package_discovery:discover_packages(path) discover
[1.792s] Level 1:colcon.colcon_core.package_discovery:discover_packages(path) using defaults
[1.917s] Level 1:colcon.colcon_core.package_discovery:discover_packages(prefix_path) check parameters
[1.917s] Level 1:colcon.colcon_core.package_discovery:discover_packages(prefix_path) discover
[1.926s] DEBUG:colcon.colcon_installed_package_information.package_discovery:Found 1 installed packages in /home/capstone2526/cmdr_ws/install
[1.938s] DEBUG:colcon.colcon_installed_package_information.package_discovery:Found 278 installed packages in /opt/ros/humble
[1.945s] Level 1:colcon.colcon_core.package_discovery:discover_packages(prefix_path) using defaults
[2.142s] Level 5:colcon.colcon_core.verb:set package 'mail-delivery-robot' build argument 'cmake_args' from command line to 'None'
[2.143s] Level 5:colcon.colcon_core.verb:set package 'mail-delivery-robot' build argument 'cmake_target' from command line to 'None'
[2.143s] Level 5:colcon.colcon_core.verb:set package 'mail-delivery-robot' build argument 'cmake_target_skip_unavailable' from command line to 'False'
[2.143s] Level 5:colcon.colcon_core.verb:set package 'mail-delivery-robot' build argument 'cmake_clean_cache' from command line to 'False'
[2.143s] Level 5:colcon.colcon_core.verb:set package 'mail-delivery-robot' build argument 'cmake_clean_first' from command line to 'False'
[2.143s] Level 5:colcon.colcon_core.verb:set package 'mail-delivery-robot' build argument 'cmake_force_configure' from command line to 'False'
[2.143s] Level 5:colcon.colcon_core.verb:set package 'mail-delivery-robot' build argument 'ament_cmake_args' from command line to 'None'
[2.143s] Level 5:colcon.colcon_core.verb:set package 'mail-delivery-robot' build argument 'catkin_cmake_args' from command line to 'None'
[2.144s] Level 5:colcon.colcon_core.verb:set package 'mail-delivery-robot' build argument 'catkin_skip_building_tests' from command line to 'False'
[2.144s] DEBUG:colcon.colcon_core.verb:Building package 'mail-delivery-robot' with the following arguments: {'ament_cmake_args': None, 'build_base': '/home/capstone2526/cmdr_ws/build/mail-delivery-robot', 'catkin_cmake_args': None, 'catkin_skip_building_tests': False, 'cmake_args': None, 'cmake_clean_cache': False, 'cmake_clean_first': False, 'cmake_force_configure': False, 'cmake_target': None, 'cmake_target_skip_unavailable': False, 'install_base': '/home/capstone2526/cmdr_ws/install/mail-delivery-robot', 'merge_install': False, 'path': '/home/capstone2526/cmdr_ws/mail-delivery-robot', 'symlink_install': False, 'test_result_base': None}
[2.144s] INFO:colcon.colcon_core.executor:Executing jobs using 'parallel' executor
[2.148s] DEBUG:colcon.colcon_parallel_executor.executor.parallel:run_until_complete
[2.149s] INFO:colcon.colcon_ros.task.ament_python.build:Building ROS package in '/home/capstone2526/cmdr_ws/mail-delivery-robot' with build type 'ament_python'
[2.149s] Level 1:colcon.colcon_core.shell:create_environment_hook('mail-delivery-robot', 'ament_prefix_path')
[2.160s] INFO:colcon.colcon_core.plugin_system:Skipping extension 'colcon_core.shell.bat': Not used on non-Windows systems
[2.161s] INFO:colcon.colcon_core.shell:Creating environment hook '/home/capstone2526/cmdr_ws/install/mail-delivery-robot/share/mail-delivery-robot/hook/ament_prefix_path.ps1'
[2.165s] INFO:colcon.colcon_core.shell:Creating environment descriptor '/home/capstone2526/cmdr_ws/install/mail-delivery-robot/share/mail-delivery-robot/hook/ament_prefix_path.dsv'
[2.167s] INFO:colcon.colcon_core.shell:Creating environment hook '/home/capstone2526/cmdr_ws/install/mail-delivery-robot/share/mail-delivery-robot/hook/ament_prefix_path.sh'
[2.171s] INFO:colcon.colcon_core.shell:Skip shell extension 'powershell' for command environment: Not usable outside of PowerShell
[2.172s] DEBUG:colcon.colcon_core.shell:Skip shell extension 'dsv' for command environment
[3.613s] INFO:colcon.colcon_core.task.python.build:Building Python package in '/home/capstone2526/cmdr_ws/mail-delivery-robot'
[3.614s] INFO:colcon.colcon_core.shell:Skip shell extension 'powershell' for command environment: Not usable outside of PowerShell
[3.614s] DEBUG:colcon.colcon_core.shell:Skip shell extension 'dsv' for command environment
[5.573s] DEBUG:colcon.colcon_core.event_handler.log_command:Invoking command in '/home/capstone2526/cmdr_ws/mail-delivery-robot': PYTHONPATH=/home/capstone2526/cmdr_ws/build/mail-delivery-robot/prefix_override:/usr/lib/python3/dist-packages/colcon_core/task/python/colcon_distutils_commands:/home/capstone2526/cmdr_ws/install/mail-delivery-robot/lib/python3.10/site-packages:${PYTHONPATH} /usr/bin/python3 -W ignore:setup.py install is deprecated -W ignore:easy_install command is deprecated setup.py egg_info --egg-base ../build/mail-delivery-robot build --build-base /home/capstone2526/cmdr_ws/build/mail-delivery-robot/build install --record /home/capstone2526/cmdr_ws/build/mail-delivery-robot/install.log --single-version-externally-managed install_data
[7.212s] DEBUG:colcon.colcon_core.event_handler.log_command:Invoked command in '/home/capstone2526/cmdr_ws/mail-delivery-robot' returned '0': PYTHONPATH=/home/capstone2526/cmdr_ws/build/mail-delivery-robot/prefix_override:/usr/lib/python3/dist-packages/colcon_core/task/python/colcon_distutils_commands:/home/capstone2526/cmdr_ws/install/mail-delivery-robot/lib/python3.10/site-packages:${PYTHONPATH} /usr/bin/python3 -W ignore:setup.py install is deprecated -W ignore:easy_install command is deprecated setup.py egg_info --egg-base ../build/mail-delivery-robot build --build-base /home/capstone2526/cmdr_ws/build/mail-delivery-robot/build install --record /home/capstone2526/cmdr_ws/build/mail-delivery-robot/install.log --single-version-externally-managed install_data
[7.225s] Level 1:colcon.colcon_core.environment:checking '/home/capstone2526/cmdr_ws/install/mail-delivery-robot' for CMake module files
[7.230s] Level 1:colcon.colcon_core.environment:checking '/home/capstone2526/cmdr_ws/install/mail-delivery-robot' for CMake config files
[7.238s] Level 1:colcon.colcon_core.environment:checking '/home/capstone2526/cmdr_ws/install/mail-delivery-robot/lib'
[7.239s] Level 1:colcon.colcon_core.environment:checking '/home/capstone2526/cmdr_ws/install/mail-delivery-robot/bin'
[7.240s] Level 1:colcon.colcon_core.environment:checking '/home/capstone2526/cmdr_ws/install/mail-delivery-robot/lib/pkgconfig/mail-delivery-robot.pc'
[7.241s] Level 1:colcon.colcon_core.environment:checking '/home/capstone2526/cmdr_ws/install/mail-delivery-robot/lib/python3.10/site-packages'
[7.241s] Level 1:colcon.colcon_core.shell:create_environment_hook('mail-delivery-robot', 'pythonpath')
[7.243s] INFO:colcon.colcon_core.shell:Creating environment hook '/home/capstone2526/cmdr_ws/install/mail-delivery-robot/share/mail-delivery-robot/hook/pythonpath.ps1'
[7.245s] INFO:colcon.colcon_core.shell:Creating environment descriptor '/home/capstone2526/cmdr_ws/install/mail-delivery-robot/share/mail-delivery-robot/hook/pythonpath.dsv'
[7.247s] INFO:colcon.colcon_core.shell:Creating environment hook '/home/capstone2526/cmdr_ws/install/mail-delivery-robot/share/mail-delivery-robot/hook/pythonpath.sh'
[7.250s] Level 1:colcon.colcon_core.environment:checking '/home/capstone2526/cmdr_ws/install/mail-delivery-robot/bin'
[7.251s] Level 1:colcon.colcon_core.environment:create_environment_scripts_only(mail-delivery-robot)
[7.252s] INFO:colcon.colcon_core.shell:Creating package script '/home/capstone2526/cmdr_ws/install/mail-delivery-robot/share/mail-delivery-robot/package.ps1'
[7.256s] INFO:colcon.colcon_core.shell:Creating package descriptor '/home/capstone2526/cmdr_ws/install/mail-delivery-robot/share/mail-delivery-robot/package.dsv'
[7.259s] INFO:colcon.colcon_core.shell:Creating package script '/home/capstone2526/cmdr_ws/install/mail-delivery-robot/share/mail-delivery-robot/package.sh'
[7.263s] INFO:colcon.colcon_core.shell:Creating package script '/home/capstone2526/cmdr_ws/install/mail-delivery-robot/share/mail-delivery-robot/package.bash'
[7.267s] INFO:colcon.colcon_core.shell:Creating package script '/home/capstone2526/cmdr_ws/install/mail-delivery-robot/share/mail-delivery-robot/package.zsh'
[7.270s] Level 1:colcon.colcon_core.environment:create_file_with_runtime_dependencies(/home/capstone2526/cmdr_ws/install/mail-delivery-robot/share/colcon-core/packages/mail-delivery-robot)
[7.272s] DEBUG:colcon.colcon_parallel_executor.executor.parallel:closing loop
[7.273s] DEBUG:colcon.colcon_parallel_executor.executor.parallel:loop closed
[7.273s] DEBUG:colcon.colcon_parallel_executor.executor.parallel:run_until_complete finished with '0'
[7.274s] DEBUG:colcon.colcon_core.event_reactor:joining thread
[7.298s] INFO:colcon.colcon_core.plugin_system:Skipping extension 'colcon_notification.desktop_notification.notify_send': Could not find 'notify-send'
[7.299s] INFO:colcon.colcon_core.plugin_system:Skipping extension 'colcon_notification.desktop_notification.terminal_notifier': Not used on non-Darwin systems
[7.299s] INFO:colcon.colcon_core.plugin_system:Skipping extension 'colcon_notification.desktop_notification.win32': Not used on non-Windows systems
[7.299s] INFO:colcon.colcon_notification.desktop_notification:Sending desktop notification using 'notify2'
[7.303s] DEBUG:colcon.colcon_notification.desktop_notification.notify2:Failed to initialize notify2: org.freedesktop.DBus.Error.ServiceUnknown: The name org.freedesktop.Notifications was not provided by any .service files
[7.303s] DEBUG:colcon.colcon_core.event_reactor:joined thread
[7.305s] INFO:colcon.colcon_core.shell:Creating prefix script '/home/capstone2526/cmdr_ws/install/local_setup.ps1'
[7.309s] INFO:colcon.colcon_core.shell:Creating prefix util module '/home/capstone2526/cmdr_ws/install/_local_setup_util_ps1.py'
[7.316s] INFO:colcon.colcon_core.shell:Creating prefix chain script '/home/capstone2526/cmdr_ws/install/setup.ps1'
[7.322s] INFO:colcon.colcon_core.shell:Creating prefix script '/home/capstone2526/cmdr_ws/install/local_setup.sh'
[7.325s] INFO:colcon.colcon_core.shell:Creating prefix util module '/home/capstone2526/cmdr_ws/install/_local_setup_util_sh.py'
[7.328s] INFO:colcon.colcon_core.shell:Creating prefix chain script '/home/capstone2526/cmdr_ws/install/setup.sh'
[7.333s] INFO:colcon.colcon_core.shell:Creating prefix script '/home/capstone2526/cmdr_ws/install/local_setup.bash'
[7.335s] INFO:colcon.colcon_core.shell:Creating prefix chain script '/home/capstone2526/cmdr_ws/install/setup.bash'
[7.340s] INFO:colcon.colcon_core.shell:Creating prefix script '/home/capstone2526/cmdr_ws/install/local_setup.zsh'
[7.343s] INFO:colcon.colcon_core.shell:Creating prefix chain script '/home/capstone2526/cmdr_ws/install/setup.zsh'
