[0.477s] DEBUG:colcon:Command line arguments: ['/usr/bin/colcon', 'build', '--packages-select', 'mail-delivery-robot']
[0.478s] DEBUG:colcon:Parsed command line arguments: Namespace(log_base=None, log_level=None, verb_name='build', build_base='build', install_base='install', merge_install=False, symlink_install=False, test_result_base=None, continue_on_error=False, executor='parallel', parallel_workers=4, event_handlers=None, ignore_user_meta=False, metas=['./colcon.meta'], base_paths=['.'], packages_ignore=None, packages_ignore_regex=None, paths=None, packages_up_to=None, packages_up_to_regex=None, packages_above=None, packages_above_and_dependencies=None, packages_above_depth=None, packages_select_by_dep=None, packages_skip_by_dep=None, packages_skip_up_to=None, packages_select_build_failed=False, packages_skip_build_finished=False, packages_select_test_failures=False, packages_skip_test_passed=False, packages_select=['mail-delivery-robot'], packages_skip=None, packages_select_regex=None, packages_skip_regex=None, packages_start=None, packages_end=None, allow_overriding=[], cmake_args=None, cmake_target=None, cmake_target_skip_unavailable=False, cmake_clean_cache=False, cmake_clean_first=False, cmake_force_configure=False, ament_cmake_args=None, catkin_cmake_args=None, catkin_skip_building_tests=False, mixin_files=None, mixin=None, verb_parser=<colcon_mixin.mixin.mixin_argument.MixinArgumentDecorator object at 0xffffa4a1d0c0>, verb_extension=<colcon_core.verb.build.BuildVerb object at 0xffffa4b41f30>, main=<bound method BuildVerb.main of <colcon_core.verb.build.BuildVerb object at 0xffffa4b41f30>>, mixin_verb=('build',))
[1.213s] Level 1:colcon.colcon_core.package_discovery:discover_packages(colcon_meta) check parameters
[1.214s] Level 1:colcon.colcon_core.package_discovery:discover_packages(recursive) check parameters
[1.214s] Level 1:colcon.colcon_core.package_discovery:discover_packages(ignore) check parameters
[1.214s] Level 1:colcon.colcon_core.package_discovery:discover_packages(path) check parameters
[1.214s] Level 1:colcon.colcon_core.package_discovery:discover_packages(colcon_meta) discover
[1.215s] Level 1:colcon.colcon_core.package_discovery:discover_packages(recursive) discover
[1.215s] INFO:colcon.colcon_core.package_discovery:Crawling recursively for packages in '/home/capstone2526/cmdr_ws'
[1.215s] Level 1:colcon.colcon_core.package_identification:_identify(.) by extensions ['ignore', 'ignore_ament_install']
[1.216s] Level 1:colcon.colcon_core.package_identification:_identify(.) by extension 'ignore'
[1.216s] Level 1:colcon.colcon_core.package_identification:_identify(.) by extension 'ignore_ament_install'
[1.217s] Level 1:colcon.colcon_core.package_identification:_identify(.) by extensions ['colcon_pkg']
[1.217s] Level 1:colcon.colcon_core.package_identification:_identify(.) by extension 'colcon_pkg'
[1.217s] Level 1:colcon.colcon_core.package_identification:_identify(.) by extensions ['colcon_meta']
[1.217s] Level 1:colcon.colcon_core.package_identification:_identify(.) by extension 'colcon_meta'
[1.217s] Level 1:colcon.colcon_core.package_identification:_identify(.) by extensions ['ros']
[1.218s] Level 1:colcon.colcon_core.package_identification:_identify(.) by extension 'ros'
[1.266s] Level 1:colcon.colcon_core.package_identification:_identify(.) by extensions ['cmake', 'python']
[1.266s] Level 1:colcon.colcon_core.package_identification:_identify(.) by extension 'cmake'
[1.267s] Level 1:colcon.colcon_core.package_identification:_identify(.) by extension 'python'
[1.267s] Level 1:colcon.colcon_core.package_identification:_identify(.) by extensions ['python_setup_py']
[1.267s] Level 1:colcon.colcon_core.package_identification:_identify(.) by extension 'python_setup_py'
[1.268s] Level 1:colcon.colcon_core.package_identification:_identify(Carleton-Mail-Delivery-Robot-2025) by extensions ['ignore', 'ignore_ament_install']
[1.268s] Level 1:colcon.colcon_core.package_identification:_identify(Carleton-Mail-Delivery-Robot-2025) by extension 'ignore'
[1.269s] Level 1:colcon.colcon_core.package_identification:_identify(Carleton-Mail-Delivery-Robot-2025) by extension 'ignore_ament_install'
[1.269s] Level 1:colcon.colcon_core.package_identification:_identify(Carleton-Mail-Delivery-Robot-2025) by extensions ['colcon_pkg']
[1.269s] Level 1:colcon.colcon_core.package_identification:_identify(Carleton-Mail-Delivery-Robot-2025) by extension 'colcon_pkg'
[1.269s] Level 1:colcon.colcon_core.package_identification:_identify(Carleton-Mail-Delivery-Robot-2025) by extensions ['colcon_meta']
[1.269s] Level 1:colcon.colcon_core.package_identification:_identify(Carleton-Mail-Delivery-Robot-2025) by extension 'colcon_meta'
[1.270s] Level 1:colcon.colcon_core.package_identification:_identify(Carleton-Mail-Delivery-Robot-2025) by extensions ['ros']
[1.270s] Level 1:colcon.colcon_core.package_identification:_identify(Carleton-Mail-Delivery-Robot-2025) by extension 'ros'
[1.270s] Level 1:colcon.colcon_core.package_identification:_identify(Carleton-Mail-Delivery-Robot-2025) by extensions ['cmake', 'python']
[1.270s] Level 1:colcon.colcon_core.package_identification:_identify(Carleton-Mail-Delivery-Robot-2025) by extension 'cmake'
[1.271s] Level 1:colcon.colcon_core.package_identification:_identify(Carleton-Mail-Delivery-Robot-2025) by extension 'python'
[1.271s] Level 1:colcon.colcon_core.package_identification:_identify(Carleton-Mail-Delivery-Robot-2025) by extensions ['python_setup_py']
[1.271s] Level 1:colcon.colcon_core.package_identification:_identify(Carleton-Mail-Delivery-Robot-2025) by extension 'python_setup_py'
[1.272s] Level 1:colcon.colcon_core.package_identification:_identify(Carleton-Mail-Delivery-Robot-2025/docs) by extensions ['ignore', 'ignore_ament_install']
[1.272s] Level 1:colcon.colcon_core.package_identification:_identify(Carleton-Mail-Delivery-Robot-2025/docs) by extension 'ignore'
[1.272s] Level 1:colcon.colcon_core.package_identification:_identify(Carleton-Mail-Delivery-Robot-2025/docs) by extension 'ignore_ament_install'
[1.273s] Level 1:colcon.colcon_core.package_identification:_identify(Carleton-Mail-Delivery-Robot-2025/docs) by extensions ['colcon_pkg']
[1.273s] Level 1:colcon.colcon_core.package_identification:_identify(Carleton-Mail-Delivery-Robot-2025/docs) by extension 'colcon_pkg'
[1.273s] Level 1:colcon.colcon_core.package_identification:_identify(Carleton-Mail-Delivery-Robot-2025/docs) by extensions ['colcon_meta']
[1.273s] Level 1:colcon.colcon_core.package_identification:_identify(Carleton-Mail-Delivery-Robot-2025/docs) by extension 'colcon_meta'
[1.274s] Level 1:colcon.colcon_core.package_identification:_identify(Carleton-Mail-Delivery-Robot-2025/docs) by extensions ['ros']
[1.274s] Level 1:colcon.colcon_core.package_identification:_identify(Carleton-Mail-Delivery-Robot-2025/docs) by extension 'ros'
[1.274s] Level 1:colcon.colcon_core.package_identification:_identify(Carleton-Mail-Delivery-Robot-2025/docs) by extensions ['cmake', 'python']
[1.274s] Level 1:colcon.colcon_core.package_identification:_identify(Carleton-Mail-Delivery-Robot-2025/docs) by extension 'cmake'
[1.274s] Level 1:colcon.colcon_core.package_identification:_identify(Carleton-Mail-Delivery-Robot-2025/docs) by extension 'python'
[1.275s] Level 1:colcon.colcon_core.package_identification:_identify(Carleton-Mail-Delivery-Robot-2025/docs) by extensions ['python_setup_py']
[1.275s] Level 1:colcon.colcon_core.package_identification:_identify(Carleton-Mail-Delivery-Robot-2025/docs) by extension 'python_setup_py'
[1.275s] Level 1:colcon.colcon_core.package_identification:_identify(Carleton-Mail-Delivery-Robot-2025/documents) by extensions ['ignore', 'ignore_ament_install']
[1.276s] Level 1:colcon.colcon_core.package_identification:_identify(Carleton-Mail-Delivery-Robot-2025/documents) by extension 'ignore'
[1.276s] Level 1:colcon.colcon_core.package_identification:_identify(Carleton-Mail-Delivery-Robot-2025/documents) by extension 'ignore_ament_install'
[1.276s] Level 1:colcon.colcon_core.package_identification:_identify(Carleton-Mail-Delivery-Robot-2025/documents) by extensions ['colcon_pkg']
[1.277s] Level 1:colcon.colcon_core.package_identification:_identify(Carleton-Mail-Delivery-Robot-2025/documents) by extension 'colcon_pkg'
[1.277s] Level 1:colcon.colcon_core.package_identification:_identify(Carleton-Mail-Delivery-Robot-2025/documents) by extensions ['colcon_meta']
[1.277s] Level 1:colcon.colcon_core.package_identification:_identify(Carleton-Mail-Delivery-Robot-2025/documents) by extension 'colcon_meta'
[1.277s] Level 1:colcon.colcon_core.package_identification:_identify(Carleton-Mail-Delivery-Robot-2025/documents) by extensions ['ros']
[1.277s] Level 1:colcon.colcon_core.package_identification:_identify(Carleton-Mail-Delivery-Robot-2025/documents) by extension 'ros'
[1.278s] Level 1:colcon.colcon_core.package_identification:_identify(Carleton-Mail-Delivery-Robot-2025/documents) by extensions ['cmake', 'python']
[1.278s] Level 1:colcon.colcon_core.package_identification:_identify(Carleton-Mail-Delivery-Robot-2025/documents) by extension 'cmake'
[1.278s] Level 1:colcon.colcon_core.package_identification:_identify(Carleton-Mail-Delivery-Robot-2025/documents) by extension 'python'
[1.278s] Level 1:colcon.colcon_core.package_identification:_identify(Carleton-Mail-Delivery-Robot-2025/documents) by extensions ['python_setup_py']
[1.279s] Level 1:colcon.colcon_core.package_identification:_identify(Carleton-Mail-Delivery-Robot-2025/documents) by extension 'python_setup_py'
[1.279s] Level 1:colcon.colcon_core.package_identification:_identify(Carleton-Mail-Delivery-Robot-2025/src) by extensions ['ignore', 'ignore_ament_install']
[1.280s] Level 1:colcon.colcon_core.package_identification:_identify(Carleton-Mail-Delivery-Robot-2025/src) by extension 'ignore'
[1.280s] Level 1:colcon.colcon_core.package_identification:_identify(Carleton-Mail-Delivery-Robot-2025/src) by extension 'ignore_ament_install'
[1.280s] Level 1:colcon.colcon_core.package_identification:_identify(Carleton-Mail-Delivery-Robot-2025/src) by extensions ['colcon_pkg']
[1.280s] Level 1:colcon.colcon_core.package_identification:_identify(Carleton-Mail-Delivery-Robot-2025/src) by extension 'colcon_pkg'
[1.281s] Level 1:colcon.colcon_core.package_identification:_identify(Carleton-Mail-Delivery-Robot-2025/src) by extensions ['colcon_meta']
[1.281s] Level 1:colcon.colcon_core.package_identification:_identify(Carleton-Mail-Delivery-Robot-2025/src) by extension 'colcon_meta'
[1.281s] Level 1:colcon.colcon_core.package_identification:_identify(Carleton-Mail-Delivery-Robot-2025/src) by extensions ['ros']
[1.281s] Level 1:colcon.colcon_core.package_identification:_identify(Carleton-Mail-Delivery-Robot-2025/src) by extension 'ros'
[1.282s] Level 1:colcon.colcon_core.package_identification:_identify(Carleton-Mail-Delivery-Robot-2025/src) by extensions ['cmake', 'python']
[1.282s] Level 1:colcon.colcon_core.package_identification:_identify(Carleton-Mail-Delivery-Robot-2025/src) by extension 'cmake'
[1.282s] Level 1:colcon.colcon_core.package_identification:_identify(Carleton-Mail-Delivery-Robot-2025/src) by extension 'python'
[1.282s] Level 1:colcon.colcon_core.package_identification:_identify(Carleton-Mail-Delivery-Robot-2025/src) by extensions ['python_setup_py']
[1.282s] Level 1:colcon.colcon_core.package_identification:_identify(Carleton-Mail-Delivery-Robot-2025/src) by extension 'python_setup_py'
[1.283s] Level 1:colcon.colcon_core.package_identification:_identify(Carleton-Mail-Delivery-Robot-2025/src/tools) by extensions ['ignore', 'ignore_ament_install']
[1.283s] Level 1:colcon.colcon_core.package_identification:_identify(Carleton-Mail-Delivery-Robot-2025/src/tools) by extension 'ignore'
[1.284s] Level 1:colcon.colcon_core.package_identification:_identify(Carleton-Mail-Delivery-Robot-2025/src/tools) by extension 'ignore_ament_install'
[1.284s] Level 1:colcon.colcon_core.package_identification:_identify(Carleton-Mail-Delivery-Robot-2025/src/tools) by extensions ['colcon_pkg']
[1.284s] Level 1:colcon.colcon_core.package_identification:_identify(Carleton-Mail-Delivery-Robot-2025/src/tools) by extension 'colcon_pkg'
[1.284s] Level 1:colcon.colcon_core.package_identification:_identify(Carleton-Mail-Delivery-Robot-2025/src/tools) by extensions ['colcon_meta']
[1.284s] Level 1:colcon.colcon_core.package_identification:_identify(Carleton-Mail-Delivery-Robot-2025/src/tools) by extension 'colcon_meta'
[1.285s] Level 1:colcon.colcon_core.package_identification:_identify(Carleton-Mail-Delivery-Robot-2025/src/tools) by extensions ['ros']
[1.285s] Level 1:colcon.colcon_core.package_identification:_identify(Carleton-Mail-Delivery-Robot-2025/src/tools) by extension 'ros'
[1.285s] Level 1:colcon.colcon_core.package_identification:_identify(Carleton-Mail-Delivery-Robot-2025/src/tools) by extensions ['cmake', 'python']
[1.286s] Level 1:colcon.colcon_core.package_identification:_identify(Carleton-Mail-Delivery-Robot-2025/src/tools) by extension 'cmake'
[1.286s] Level 1:colcon.colcon_core.package_identification:_identify(Carleton-Mail-Delivery-Robot-2025/src/tools) by extension 'python'
[1.286s] Level 1:colcon.colcon_core.package_identification:_identify(Carleton-Mail-Delivery-Robot-2025/src/tools) by extensions ['python_setup_py']
[1.286s] Level 1:colcon.colcon_core.package_identification:_identify(Carleton-Mail-Delivery-Robot-2025/src/tools) by extension 'python_setup_py'
[1.287s] Level 1:colcon.colcon_core.package_identification:_identify(Carleton-Mail-Delivery-Robot-2025/src/tools/logs) by extensions ['ignore', 'ignore_ament_install']
[1.287s] Level 1:colcon.colcon_core.package_identification:_identify(Carleton-Mail-Delivery-Robot-2025/src/tools/logs) by extension 'ignore'
[1.287s] Level 1:colcon.colcon_core.package_identification:_identify(Carleton-Mail-Delivery-Robot-2025/src/tools/logs) by extension 'ignore_ament_install'
[1.288s] Level 1:colcon.colcon_core.package_identification:_identify(Carleton-Mail-Delivery-Robot-2025/src/tools/logs) by extensions ['colcon_pkg']
[1.288s] Level 1:colcon.colcon_core.package_identification:_identify(Carleton-Mail-Delivery-Robot-2025/src/tools/logs) by extension 'colcon_pkg'
[1.288s] Level 1:colcon.colcon_core.package_identification:_identify(Carleton-Mail-Delivery-Robot-2025/src/tools/logs) by extensions ['colcon_meta']
[1.288s] Level 1:colcon.colcon_core.package_identification:_identify(Carleton-Mail-Delivery-Robot-2025/src/tools/logs) by extension 'colcon_meta'
[1.289s] Level 1:colcon.colcon_core.package_identification:_identify(Carleton-Mail-Delivery-Robot-2025/src/tools/logs) by extensions ['ros']
[1.289s] Level 1:colcon.colcon_core.package_identification:_identify(Carleton-Mail-Delivery-Robot-2025/src/tools/logs) by extension 'ros'
[1.289s] Level 1:colcon.colcon_core.package_identification:_identify(Carleton-Mail-Delivery-Robot-2025/src/tools/logs) by extensions ['cmake', 'python']
[1.289s] Level 1:colcon.colcon_core.package_identification:_identify(Carleton-Mail-Delivery-Robot-2025/src/tools/logs) by extension 'cmake'
[1.290s] Level 1:colcon.colcon_core.package_identification:_identify(Carleton-Mail-Delivery-Robot-2025/src/tools/logs) by extension 'python'
[1.290s] Level 1:colcon.colcon_core.package_identification:_identify(Carleton-Mail-Delivery-Robot-2025/src/tools/logs) by extensions ['python_setup_py']
[1.290s] Level 1:colcon.colcon_core.package_identification:_identify(Carleton-Mail-Delivery-Robot-2025/src/tools/logs) by extension 'python_setup_py'
[1.291s] Level 1:colcon.colcon_core.package_identification:_identify(Carleton-Mail-Delivery-Robot-2025/src/tools/logs/runs) by extensions ['ignore', 'ignore_ament_install']
[1.292s] Level 1:colcon.colcon_core.package_identification:_identify(Carleton-Mail-Delivery-Robot-2025/src/tools/logs/runs) by extension 'ignore'
[1.292s] Level 1:colcon.colcon_core.package_identification:_identify(Carleton-Mail-Delivery-Robot-2025/src/tools/logs/runs) by extension 'ignore_ament_install'
[1.292s] Level 1:colcon.colcon_core.package_identification:_identify(Carleton-Mail-Delivery-Robot-2025/src/tools/logs/runs) by extensions ['colcon_pkg']
[1.293s] Level 1:colcon.colcon_core.package_identification:_identify(Carleton-Mail-Delivery-Robot-2025/src/tools/logs/runs) by extension 'colcon_pkg'
[1.293s] Level 1:colcon.colcon_core.package_identification:_identify(Carleton-Mail-Delivery-Robot-2025/src/tools/logs/runs) by extensions ['colcon_meta']
[1.293s] Level 1:colcon.colcon_core.package_identification:_identify(Carleton-Mail-Delivery-Robot-2025/src/tools/logs/runs) by extension 'colcon_meta'
[1.293s] Level 1:colcon.colcon_core.package_identification:_identify(Carleton-Mail-Delivery-Robot-2025/src/tools/logs/runs) by extensions ['ros']
[1.294s] Level 1:colcon.colcon_core.package_identification:_identify(Carleton-Mail-Delivery-Robot-2025/src/tools/logs/runs) by extension 'ros'
[1.294s] Level 1:colcon.colcon_core.package_identification:_identify(Carleton-Mail-Delivery-Robot-2025/src/tools/logs/runs) by extensions ['cmake', 'python']
[1.294s] Level 1:colcon.colcon_core.package_identification:_identify(Carleton-Mail-Delivery-Robot-2025/src/tools/logs/runs) by extension 'cmake'
[1.294s] Level 1:colcon.colcon_core.package_identification:_identify(Carleton-Mail-Delivery-Robot-2025/src/tools/logs/runs) by extension 'python'
[1.295s] Level 1:colcon.colcon_core.package_identification:_identify(Carleton-Mail-Delivery-Robot-2025/src/tools/logs/runs) by extensions ['python_setup_py']
[1.295s] Level 1:colcon.colcon_core.package_identification:_identify(Carleton-Mail-Delivery-Robot-2025/src/tools/logs/runs) by extension 'python_setup_py'
[1.296s] Level 1:colcon.colcon_core.package_identification:_identify(Carleton-Mail-Delivery-Robot-2025/webapp) by extensions ['ignore', 'ignore_ament_install']
[1.296s] Level 1:colcon.colcon_core.package_identification:_identify(Carleton-Mail-Delivery-Robot-2025/webapp) by extension 'ignore'
[1.296s] Level 1:colcon.colcon_core.package_identification:_identify(Carleton-Mail-Delivery-Robot-2025/webapp) by extension 'ignore_ament_install'
[1.297s] Level 1:colcon.colcon_core.package_identification:_identify(Carleton-Mail-Delivery-Robot-2025/webapp) by extensions ['colcon_pkg']
[1.297s] Level 1:colcon.colcon_core.package_identification:_identify(Carleton-Mail-Delivery-Robot-2025/webapp) by extension 'colcon_pkg'
[1.297s] Level 1:colcon.colcon_core.package_identification:_identify(Carleton-Mail-Delivery-Robot-2025/webapp) by extensions ['colcon_meta']
[1.297s] Level 1:colcon.colcon_core.package_identification:_identify(Carleton-Mail-Delivery-Robot-2025/webapp) by extension 'colcon_meta'
[1.297s] Level 1:colcon.colcon_core.package_identification:_identify(Carleton-Mail-Delivery-Robot-2025/webapp) by extensions ['ros']
[1.297s] Level 1:colcon.colcon_core.package_identification:_identify(Carleton-Mail-Delivery-Robot-2025/webapp) by extension 'ros'
[1.298s] Level 1:colcon.colcon_core.package_identification:_identify(Carleton-Mail-Delivery-Robot-2025/webapp) by extensions ['cmake', 'python']
[1.298s] Level 1:colcon.colcon_core.package_identification:_identify(Carleton-Mail-Delivery-Robot-2025/webapp) by extension 'cmake'
[1.298s] Level 1:colcon.colcon_core.package_identification:_identify(Carleton-Mail-Delivery-Robot-2025/webapp) by extension 'python'
[1.298s] Level 1:colcon.colcon_core.package_identification:_identify(Carleton-Mail-Delivery-Robot-2025/webapp) by extensions ['python_setup_py']
[1.299s] Level 1:colcon.colcon_core.package_identification:_identify(Carleton-Mail-Delivery-Robot-2025/webapp) by extension 'python_setup_py'
[1.299s] Level 1:colcon.colcon_core.package_identification:_identify(Carleton-Mail-Delivery-Robot-2025/webapp/src) by extensions ['ignore', 'ignore_ament_install']
[1.300s] Level 1:colcon.colcon_core.package_identification:_identify(Carleton-Mail-Delivery-Robot-2025/webapp/src) by extension 'ignore'
[1.300s] Level 1:colcon.colcon_core.package_identification:_identify(Carleton-Mail-Delivery-Robot-2025/webapp/src) by extension 'ignore_ament_install'
[1.300s] Level 1:colcon.colcon_core.package_identification:_identify(Carleton-Mail-Delivery-Robot-2025/webapp/src) by extensions ['colcon_pkg']
[1.300s] Level 1:colcon.colcon_core.package_identification:_identify(Carleton-Mail-Delivery-Robot-2025/webapp/src) by extension 'colcon_pkg'
[1.301s] Level 1:colcon.colcon_core.package_identification:_identify(Carleton-Mail-Delivery-Robot-2025/webapp/src) by extensions ['colcon_meta']
[1.301s] Level 1:colcon.colcon_core.package_identification:_identify(Carleton-Mail-Delivery-Robot-2025/webapp/src) by extension 'colcon_meta'
[1.301s] Level 1:colcon.colcon_core.package_identification:_identify(Carleton-Mail-Delivery-Robot-2025/webapp/src) by extensions ['ros']
[1.302s] Level 1:colcon.colcon_core.package_identification:_identify(Carleton-Mail-Delivery-Robot-2025/webapp/src) by extension 'ros'
[1.302s] Level 1:colcon.colcon_core.package_identification:_identify(Carleton-Mail-Delivery-Robot-2025/webapp/src) by extensions ['cmake', 'python']
[1.302s] Level 1:colcon.colcon_core.package_identification:_identify(Carleton-Mail-Delivery-Robot-2025/webapp/src) by extension 'cmake'
[1.303s] Level 1:colcon.colcon_core.package_identification:_identify(Carleton-Mail-Delivery-Robot-2025/webapp/src) by extension 'python'
[1.303s] Level 1:colcon.colcon_core.package_identification:_identify(Carleton-Mail-Delivery-Robot-2025/webapp/src) by extensions ['python_setup_py']
[1.303s] Level 1:colcon.colcon_core.package_identification:_identify(Carleton-Mail-Delivery-Robot-2025/webapp/src) by extension 'python_setup_py'
[1.304s] Level 1:colcon.colcon_core.package_identification:_identify(Carleton-Mail-Delivery-Robot-2025/webapp/src/main) by extensions ['ignore', 'ignore_ament_install']
[1.304s] Level 1:colcon.colcon_core.package_identification:_identify(Carleton-Mail-Delivery-Robot-2025/webapp/src/main) by extension 'ignore'
[1.305s] Level 1:colcon.colcon_core.package_identification:_identify(Carleton-Mail-Delivery-Robot-2025/webapp/src/main) by extension 'ignore_ament_install'
[1.305s] Level 1:colcon.colcon_core.package_identification:_identify(Carleton-Mail-Delivery-Robot-2025/webapp/src/main) by extensions ['colcon_pkg']
[1.305s] Level 1:colcon.colcon_core.package_identification:_identify(Carleton-Mail-Delivery-Robot-2025/webapp/src/main) by extension 'colcon_pkg'
[1.305s] Level 1:colcon.colcon_core.package_identification:_identify(Carleton-Mail-Delivery-Robot-2025/webapp/src/main) by extensions ['colcon_meta']
[1.306s] Level 1:colcon.colcon_core.package_identification:_identify(Carleton-Mail-Delivery-Robot-2025/webapp/src/main) by extension 'colcon_meta'
[1.306s] Level 1:colcon.colcon_core.package_identification:_identify(Carleton-Mail-Delivery-Robot-2025/webapp/src/main) by extensions ['ros']
[1.306s] Level 1:colcon.colcon_core.package_identification:_identify(Carleton-Mail-Delivery-Robot-2025/webapp/src/main) by extension 'ros'
[1.307s] Level 1:colcon.colcon_core.package_identification:_identify(Carleton-Mail-Delivery-Robot-2025/webapp/src/main) by extensions ['cmake', 'python']
[1.307s] Level 1:colcon.colcon_core.package_identification:_identify(Carleton-Mail-Delivery-Robot-2025/webapp/src/main) by extension 'cmake'
[1.307s] Level 1:colcon.colcon_core.package_identification:_identify(Carleton-Mail-Delivery-Robot-2025/webapp/src/main) by extension 'python'
[1.307s] Level 1:colcon.colcon_core.package_identification:_identify(Carleton-Mail-Delivery-Robot-2025/webapp/src/main) by extensions ['python_setup_py']
[1.307s] Level 1:colcon.colcon_core.package_identification:_identify(Carleton-Mail-Delivery-Robot-2025/webapp/src/main) by extension 'python_setup_py'
[1.308s] Level 1:colcon.colcon_core.package_identification:_identify(Carleton-Mail-Delivery-Robot-2025/webapp/src/main/java) by extensions ['ignore', 'ignore_ament_install']
[1.308s] Level 1:colcon.colcon_core.package_identification:_identify(Carleton-Mail-Delivery-Robot-2025/webapp/src/main/java) by extension 'ignore'
[1.309s] Level 1:colcon.colcon_core.package_identification:_identify(Carleton-Mail-Delivery-Robot-2025/webapp/src/main/java) by extension 'ignore_ament_install'
[1.309s] Level 1:colcon.colcon_core.package_identification:_identify(Carleton-Mail-Delivery-Robot-2025/webapp/src/main/java) by extensions ['colcon_pkg']
[1.309s] Level 1:colcon.colcon_core.package_identification:_identify(Carleton-Mail-Delivery-Robot-2025/webapp/src/main/java) by extension 'colcon_pkg'
[1.309s] Level 1:colcon.colcon_core.package_identification:_identify(Carleton-Mail-Delivery-Robot-2025/webapp/src/main/java) by extensions ['colcon_meta']
[1.310s] Level 1:colcon.colcon_core.package_identification:_identify(Carleton-Mail-Delivery-Robot-2025/webapp/src/main/java) by extension 'colcon_meta'
[1.310s] Level 1:colcon.colcon_core.package_identification:_identify(Carleton-Mail-Delivery-Robot-2025/webapp/src/main/java) by extensions ['ros']
[1.310s] Level 1:colcon.colcon_core.package_identification:_identify(Carleton-Mail-Delivery-Robot-2025/webapp/src/main/java) by extension 'ros'
[1.311s] Level 1:colcon.colcon_core.package_identification:_identify(Carleton-Mail-Delivery-Robot-2025/webapp/src/main/java) by extensions ['cmake', 'python']
[1.311s] Level 1:colcon.colcon_core.package_identification:_identify(Carleton-Mail-Delivery-Robot-2025/webapp/src/main/java) by extension 'cmake'
[1.311s] Level 1:colcon.colcon_core.package_identification:_identify(Carleton-Mail-Delivery-Robot-2025/webapp/src/main/java) by extension 'python'
[1.311s] Level 1:colcon.colcon_core.package_identification:_identify(Carleton-Mail-Delivery-Robot-2025/webapp/src/main/java) by extensions ['python_setup_py']
[1.312s] Level 1:colcon.colcon_core.package_identification:_identify(Carleton-Mail-Delivery-Robot-2025/webapp/src/main/java) by extension 'python_setup_py'
[1.312s] Level 1:colcon.colcon_core.package_identification:_identify(Carleton-Mail-Delivery-Robot-2025/webapp/src/main/java/com) by extensions ['ignore', 'ignore_ament_install']
[1.313s] Level 1:colcon.colcon_core.package_identification:_identify(Carleton-Mail-Delivery-Robot-2025/webapp/src/main/java/com) by extension 'ignore'
[1.313s] Level 1:colcon.colcon_core.package_identification:_identify(Carleton-Mail-Delivery-Robot-2025/webapp/src/main/java/com) by extension 'ignore_ament_install'
[1.313s] Level 1:colcon.colcon_core.package_identification:_identify(Carleton-Mail-Delivery-Robot-2025/webapp/src/main/java/com) by extensions ['colcon_pkg']
[1.313s] Level 1:colcon.colcon_core.package_identification:_identify(Carleton-Mail-Delivery-Robot-2025/webapp/src/main/java/com) by extension 'colcon_pkg'
[1.314s] Level 1:colcon.colcon_core.package_identification:_identify(Carleton-Mail-Delivery-Robot-2025/webapp/src/main/java/com) by extensions ['colcon_meta']
[1.314s] Level 1:colcon.colcon_core.package_identification:_identify(Carleton-Mail-Delivery-Robot-2025/webapp/src/main/java/com) by extension 'colcon_meta'
[1.314s] Level 1:colcon.colcon_core.package_identification:_identify(Carleton-Mail-Delivery-Robot-2025/webapp/src/main/java/com) by extensions ['ros']
[1.314s] Level 1:colcon.colcon_core.package_identification:_identify(Carleton-Mail-Delivery-Robot-2025/webapp/src/main/java/com) by extension 'ros'
[1.315s] Level 1:colcon.colcon_core.package_identification:_identify(Carleton-Mail-Delivery-Robot-2025/webapp/src/main/java/com) by extensions ['cmake', 'python']
[1.315s] Level 1:colcon.colcon_core.package_identification:_identify(Carleton-Mail-Delivery-Robot-2025/webapp/src/main/java/com) by extension 'cmake'
[1.315s] Level 1:colcon.colcon_core.package_identification:_identify(Carleton-Mail-Delivery-Robot-2025/webapp/src/main/java/com) by extension 'python'
[1.315s] Level 1:colcon.colcon_core.package_identification:_identify(Carleton-Mail-Delivery-Robot-2025/webapp/src/main/java/com) by extensions ['python_setup_py']
[1.316s] Level 1:colcon.colcon_core.package_identification:_identify(Carleton-Mail-Delivery-Robot-2025/webapp/src/main/java/com) by extension 'python_setup_py'
[1.316s] Level 1:colcon.colcon_core.package_identification:_identify(Carleton-Mail-Delivery-Robot-2025/webapp/src/main/java/com/cmds) by extensions ['ignore', 'ignore_ament_install']
[1.317s] Level 1:colcon.colcon_core.package_identification:_identify(Carleton-Mail-Delivery-Robot-2025/webapp/src/main/java/com/cmds) by extension 'ignore'
[1.317s] Level 1:colcon.colcon_core.package_identification:_identify(Carleton-Mail-Delivery-Robot-2025/webapp/src/main/java/com/cmds) by extension 'ignore_ament_install'
[1.317s] Level 1:colcon.colcon_core.package_identification:_identify(Carleton-Mail-Delivery-Robot-2025/webapp/src/main/java/com/cmds) by extensions ['colcon_pkg']
[1.318s] Level 1:colcon.colcon_core.package_identification:_identify(Carleton-Mail-Delivery-Robot-2025/webapp/src/main/java/com/cmds) by extension 'colcon_pkg'
[1.318s] Level 1:colcon.colcon_core.package_identification:_identify(Carleton-Mail-Delivery-Robot-2025/webapp/src/main/java/com/cmds) by extensions ['colcon_meta']
[1.318s] Level 1:colcon.colcon_core.package_identification:_identify(Carleton-Mail-Delivery-Robot-2025/webapp/src/main/java/com/cmds) by extension 'colcon_meta'
[1.318s] Level 1:colcon.colcon_core.package_identification:_identify(Carleton-Mail-Delivery-Robot-2025/webapp/src/main/java/com/cmds) by extensions ['ros']
[1.319s] Level 1:colcon.colcon_core.package_identification:_identify(Carleton-Mail-Delivery-Robot-2025/webapp/src/main/java/com/cmds) by extension 'ros'
[1.319s] Level 1:colcon.colcon_core.package_identification:_identify(Carleton-Mail-Delivery-Robot-2025/webapp/src/main/java/com/cmds) by extensions ['cmake', 'python']
[1.319s] Level 1:colcon.colcon_core.package_identification:_identify(Carleton-Mail-Delivery-Robot-2025/webapp/src/main/java/com/cmds) by extension 'cmake'
[1.319s] Level 1:colcon.colcon_core.package_identification:_identify(Carleton-Mail-Delivery-Robot-2025/webapp/src/main/java/com/cmds) by extension 'python'
[1.320s] Level 1:colcon.colcon_core.package_identification:_identify(Carleton-Mail-Delivery-Robot-2025/webapp/src/main/java/com/cmds) by extensions ['python_setup_py']
[1.320s] Level 1:colcon.colcon_core.package_identification:_identify(Carleton-Mail-Delivery-Robot-2025/webapp/src/main/java/com/cmds) by extension 'python_setup_py'
[1.321s] Level 1:colcon.colcon_core.package_identification:_identify(Carleton-Mail-Delivery-Robot-2025/webapp/src/main/java/com/cmds/webapp) by extensions ['ignore', 'ignore_ament_install']
[1.321s] Level 1:colcon.colcon_core.package_identification:_identify(Carleton-Mail-Delivery-Robot-2025/webapp/src/main/java/com/cmds/webapp) by extension 'ignore'
[1.321s] Level 1:colcon.colcon_core.package_identification:_identify(Carleton-Mail-Delivery-Robot-2025/webapp/src/main/java/com/cmds/webapp) by extension 'ignore_ament_install'
[1.322s] Level 1:colcon.colcon_core.package_identification:_identify(Carleton-Mail-Delivery-Robot-2025/webapp/src/main/java/com/cmds/webapp) by extensions ['colcon_pkg']
[1.322s] Level 1:colcon.colcon_core.package_identification:_identify(Carleton-Mail-Delivery-Robot-2025/webapp/src/main/java/com/cmds/webapp) by extension 'colcon_pkg'
[1.322s] Level 1:colcon.colcon_core.package_identification:_identify(Carleton-Mail-Delivery-Robot-2025/webapp/src/main/java/com/cmds/webapp) by extensions ['colcon_meta']
[1.322s] Level 1:colcon.colcon_core.package_identification:_identify(Carleton-Mail-Delivery-Robot-2025/webapp/src/main/java/com/cmds/webapp) by extension 'colcon_meta'
[1.323s] Level 1:colcon.colcon_core.package_identification:_identify(Carleton-Mail-Delivery-Robot-2025/webapp/src/main/java/com/cmds/webapp) by extensions ['ros']
[1.323s] Level 1:colcon.colcon_core.package_identification:_identify(Carleton-Mail-Delivery-Robot-2025/webapp/src/main/java/com/cmds/webapp) by extension 'ros'
[1.323s] Level 1:colcon.colcon_core.package_identification:_identify(Carleton-Mail-Delivery-Robot-2025/webapp/src/main/java/com/cmds/webapp) by extensions ['cmake', 'python']
[1.324s] Level 1:colcon.colcon_core.package_identification:_identify(Carleton-Mail-Delivery-Robot-2025/webapp/src/main/java/com/cmds/webapp) by extension 'cmake'
[1.324s] Level 1:colcon.colcon_core.package_identification:_identify(Carleton-Mail-Delivery-Robot-2025/webapp/src/main/java/com/cmds/webapp) by extension 'python'
[1.324s] Level 1:colcon.colcon_core.package_identification:_identify(Carleton-Mail-Delivery-Robot-2025/webapp/src/main/java/com/cmds/webapp) by extensions ['python_setup_py']
[1.324s] Level 1:colcon.colcon_core.package_identification:_identify(Carleton-Mail-Delivery-Robot-2025/webapp/src/main/java/com/cmds/webapp) by extension 'python_setup_py'
[1.325s] Level 1:colcon.colcon_core.package_identification:_identify(Carleton-Mail-Delivery-Robot-2025/webapp/src/main/java/com/cmds/webapp/aspect) by extensions ['ignore', 'ignore_ament_install']
[1.325s] Level 1:colcon.colcon_core.package_identification:_identify(Carleton-Mail-Delivery-Robot-2025/webapp/src/main/java/com/cmds/webapp/aspect) by extension 'ignore'
[1.326s] Level 1:colcon.colcon_core.package_identification:_identify(Carleton-Mail-Delivery-Robot-2025/webapp/src/main/java/com/cmds/webapp/aspect) by extension 'ignore_ament_install'
[1.326s] Level 1:colcon.colcon_core.package_identification:_identify(Carleton-Mail-Delivery-Robot-2025/webapp/src/main/java/com/cmds/webapp/aspect) by extensions ['colcon_pkg']
[1.326s] Level 1:colcon.colcon_core.package_identification:_identify(Carleton-Mail-Delivery-Robot-2025/webapp/src/main/java/com/cmds/webapp/aspect) by extension 'colcon_pkg'
[1.326s] Level 1:colcon.colcon_core.package_identification:_identify(Carleton-Mail-Delivery-Robot-2025/webapp/src/main/java/com/cmds/webapp/aspect) by extensions ['colcon_meta']
[1.327s] Level 1:colcon.colcon_core.package_identification:_identify(Carleton-Mail-Delivery-Robot-2025/webapp/src/main/java/com/cmds/webapp/aspect) by extension 'colcon_meta'
[1.327s] Level 1:colcon.colcon_core.package_identification:_identify(Carleton-Mail-Delivery-Robot-2025/webapp/src/main/java/com/cmds/webapp/aspect) by extensions ['ros']
[1.327s] Level 1:colcon.colcon_core.package_identification:_identify(Carleton-Mail-Delivery-Robot-2025/webapp/src/main/java/com/cmds/webapp/aspect) by extension 'ros'
[1.328s] Level 1:colcon.colcon_core.package_identification:_identify(Carleton-Mail-Delivery-Robot-2025/webapp/src/main/java/com/cmds/webapp/aspect) by extensions ['cmake', 'python']
[1.328s] Level 1:colcon.colcon_core.package_identification:_identify(Carleton-Mail-Delivery-Robot-2025/webapp/src/main/java/com/cmds/webapp/aspect) by extension 'cmake'
[1.328s] Level 1:colcon.colcon_core.package_identification:_identify(Carleton-Mail-Delivery-Robot-2025/webapp/src/main/java/com/cmds/webapp/aspect) by extension 'python'
[1.328s] Level 1:colcon.colcon_core.package_identification:_identify(Carleton-Mail-Delivery-Robot-2025/webapp/src/main/java/com/cmds/webapp/aspect) by extensions ['python_setup_py']
[1.329s] Level 1:colcon.colcon_core.package_identification:_identify(Carleton-Mail-Delivery-Robot-2025/webapp/src/main/java/com/cmds/webapp/aspect) by extension 'python_setup_py'
[1.329s] Level 1:colcon.colcon_core.package_identification:_identify(Carleton-Mail-Delivery-Robot-2025/webapp/src/main/java/com/cmds/webapp/controllers) by extensions ['ignore', 'ignore_ament_install']
[1.330s] Level 1:colcon.colcon_core.package_identification:_identify(Carleton-Mail-Delivery-Robot-2025/webapp/src/main/java/com/cmds/webapp/controllers) by extension 'ignore'
[1.330s] Level 1:colcon.colcon_core.package_identification:_identify(Carleton-Mail-Delivery-Robot-2025/webapp/src/main/java/com/cmds/webapp/controllers) by extension 'ignore_ament_install'
[1.330s] Level 1:colcon.colcon_core.package_identification:_identify(Carleton-Mail-Delivery-Robot-2025/webapp/src/main/java/com/cmds/webapp/controllers) by extensions ['colcon_pkg']
[1.331s] Level 1:colcon.colcon_core.package_identification:_identify(Carleton-Mail-Delivery-Robot-2025/webapp/src/main/java/com/cmds/webapp/controllers) by extension 'colcon_pkg'
[1.331s] Level 1:colcon.colcon_core.package_identification:_identify(Carleton-Mail-Delivery-Robot-2025/webapp/src/main/java/com/cmds/webapp/controllers) by extensions ['colcon_meta']
[1.331s] Level 1:colcon.colcon_core.package_identification:_identify(Carleton-Mail-Delivery-Robot-2025/webapp/src/main/java/com/cmds/webapp/controllers) by extension 'colcon_meta'
[1.331s] Level 1:colcon.colcon_core.package_identification:_identify(Carleton-Mail-Delivery-Robot-2025/webapp/src/main/java/com/cmds/webapp/controllers) by extensions ['ros']
[1.332s] Level 1:colcon.colcon_core.package_identification:_identify(Carleton-Mail-Delivery-Robot-2025/webapp/src/main/java/com/cmds/webapp/controllers) by extension 'ros'
[1.332s] Level 1:colcon.colcon_core.package_identification:_identify(Carleton-Mail-Delivery-Robot-2025/webapp/src/main/java/com/cmds/webapp/controllers) by extensions ['cmake', 'python']
[1.332s] Level 1:colcon.colcon_core.package_identification:_identify(Carleton-Mail-Delivery-Robot-2025/webapp/src/main/java/com/cmds/webapp/controllers) by extension 'cmake'
[1.333s] Level 1:colcon.colcon_core.package_identification:_identify(Carleton-Mail-Delivery-Robot-2025/webapp/src/main/java/com/cmds/webapp/controllers) by extension 'python'
[1.333s] Level 1:colcon.colcon_core.package_identification:_identify(Carleton-Mail-Delivery-Robot-2025/webapp/src/main/java/com/cmds/webapp/controllers) by extensions ['python_setup_py']
[1.333s] Level 1:colcon.colcon_core.package_identification:_identify(Carleton-Mail-Delivery-Robot-2025/webapp/src/main/java/com/cmds/webapp/controllers) by extension 'python_setup_py'
[1.334s] Level 1:colcon.colcon_core.package_identification:_identify(Carleton-Mail-Delivery-Robot-2025/webapp/src/main/java/com/cmds/webapp/models) by extensions ['ignore', 'ignore_ament_install']
[1.334s] Level 1:colcon.colcon_core.package_identification:_identify(Carleton-Mail-Delivery-Robot-2025/webapp/src/main/java/com/cmds/webapp/models) by extension 'ignore'
[1.334s] Level 1:colcon.colcon_core.package_identification:_identify(Carleton-Mail-Delivery-Robot-2025/webapp/src/main/java/com/cmds/webapp/models) by extension 'ignore_ament_install'
[1.335s] Level 1:colcon.colcon_core.package_identification:_identify(Carleton-Mail-Delivery-Robot-2025/webapp/src/main/java/com/cmds/webapp/models) by extensions ['colcon_pkg']
[1.335s] Level 1:colcon.colcon_core.package_identification:_identify(Carleton-Mail-Delivery-Robot-2025/webapp/src/main/java/com/cmds/webapp/models) by extension 'colcon_pkg'
[1.335s] Level 1:colcon.colcon_core.package_identification:_identify(Carleton-Mail-Delivery-Robot-2025/webapp/src/main/java/com/cmds/webapp/models) by extensions ['colcon_meta']
[1.335s] Level 1:colcon.colcon_core.package_identification:_identify(Carleton-Mail-Delivery-Robot-2025/webapp/src/main/java/com/cmds/webapp/models) by extension 'colcon_meta'
[1.336s] Level 1:colcon.colcon_core.package_identification:_identify(Carleton-Mail-Delivery-Robot-2025/webapp/src/main/java/com/cmds/webapp/models) by extensions ['ros']
[1.336s] Level 1:colcon.colcon_core.package_identification:_identify(Carleton-Mail-Delivery-Robot-2025/webapp/src/main/java/com/cmds/webapp/models) by extension 'ros'
[1.337s] Level 1:colcon.colcon_core.package_identification:_identify(Carleton-Mail-Delivery-Robot-2025/webapp/src/main/java/com/cmds/webapp/models) by extensions ['cmake', 'python']
[1.337s] Level 1:colcon.colcon_core.package_identification:_identify(Carleton-Mail-Delivery-Robot-2025/webapp/src/main/java/com/cmds/webapp/models) by extension 'cmake'
[1.337s] Level 1:colcon.colcon_core.package_identification:_identify(Carleton-Mail-Delivery-Robot-2025/webapp/src/main/java/com/cmds/webapp/models) by extension 'python'
[1.337s] Level 1:colcon.colcon_core.package_identification:_identify(Carleton-Mail-Delivery-Robot-2025/webapp/src/main/java/com/cmds/webapp/models) by extensions ['python_setup_py']
[1.337s] Level 1:colcon.colcon_core.package_identification:_identify(Carleton-Mail-Delivery-Robot-2025/webapp/src/main/java/com/cmds/webapp/models) by extension 'python_setup_py'
[1.338s] Level 1:colcon.colcon_core.package_identification:_identify(Carleton-Mail-Delivery-Robot-2025/webapp/src/main/java/com/cmds/webapp/repos) by extensions ['ignore', 'ignore_ament_install']
[1.339s] Level 1:colcon.colcon_core.package_identification:_identify(Carleton-Mail-Delivery-Robot-2025/webapp/src/main/java/com/cmds/webapp/repos) by extension 'ignore'
[1.339s] Level 1:colcon.colcon_core.package_identification:_identify(Carleton-Mail-Delivery-Robot-2025/webapp/src/main/java/com/cmds/webapp/repos) by extension 'ignore_ament_install'
[1.339s] Level 1:colcon.colcon_core.package_identification:_identify(Carleton-Mail-Delivery-Robot-2025/webapp/src/main/java/com/cmds/webapp/repos) by extensions ['colcon_pkg']
[1.340s] Level 1:colcon.colcon_core.package_identification:_identify(Carleton-Mail-Delivery-Robot-2025/webapp/src/main/java/com/cmds/webapp/repos) by extension 'colcon_pkg'
[1.340s] Level 1:colcon.colcon_core.package_identification:_identify(Carleton-Mail-Delivery-Robot-2025/webapp/src/main/java/com/cmds/webapp/repos) by extensions ['colcon_meta']
[1.340s] Level 1:colcon.colcon_core.package_identification:_identify(Carleton-Mail-Delivery-Robot-2025/webapp/src/main/java/com/cmds/webapp/repos) by extension 'colcon_meta'
[1.341s] Level 1:colcon.colcon_core.package_identification:_identify(Carleton-Mail-Delivery-Robot-2025/webapp/src/main/java/com/cmds/webapp/repos) by extensions ['ros']
[1.341s] Level 1:colcon.colcon_core.package_identification:_identify(Carleton-Mail-Delivery-Robot-2025/webapp/src/main/java/com/cmds/webapp/repos) by extension 'ros'
[1.341s] Level 1:colcon.colcon_core.package_identification:_identify(Carleton-Mail-Delivery-Robot-2025/webapp/src/main/java/com/cmds/webapp/repos) by extensions ['cmake', 'python']
[1.341s] Level 1:colcon.colcon_core.package_identification:_identify(Carleton-Mail-Delivery-Robot-2025/webapp/src/main/java/com/cmds/webapp/repos) by extension 'cmake'
[1.342s] Level 1:colcon.colcon_core.package_identification:_identify(Carleton-Mail-Delivery-Robot-2025/webapp/src/main/java/com/cmds/webapp/repos) by extension 'python'
[1.342s] Level 1:colcon.colcon_core.package_identification:_identify(Carleton-Mail-Delivery-Robot-2025/webapp/src/main/java/com/cmds/webapp/repos) by extensions ['python_setup_py']
[1.342s] Level 1:colcon.colcon_core.package_identification:_identify(Carleton-Mail-Delivery-Robot-2025/webapp/src/main/java/com/cmds/webapp/repos) by extension 'python_setup_py'
[1.343s] Level 1:colcon.colcon_core.package_identification:_identify(Carleton-Mail-Delivery-Robot-2025/webapp/src/main/resources) by extensions ['ignore', 'ignore_ament_install']
[1.343s] Level 1:colcon.colcon_core.package_identification:_identify(Carleton-Mail-Delivery-Robot-2025/webapp/src/main/resources) by extension 'ignore'
[1.343s] Level 1:colcon.colcon_core.package_identification:_identify(Carleton-Mail-Delivery-Robot-2025/webapp/src/main/resources) by extension 'ignore_ament_install'
[1.344s] Level 1:colcon.colcon_core.package_identification:_identify(Carleton-Mail-Delivery-Robot-2025/webapp/src/main/resources) by extensions ['colcon_pkg']
[1.344s] Level 1:colcon.colcon_core.package_identification:_identify(Carleton-Mail-Delivery-Robot-2025/webapp/src/main/resources) by extension 'colcon_pkg'
[1.344s] Level 1:colcon.colcon_core.package_identification:_identify(Carleton-Mail-Delivery-Robot-2025/webapp/src/main/resources) by extensions ['colcon_meta']
[1.344s] Level 1:colcon.colcon_core.package_identification:_identify(Carleton-Mail-Delivery-Robot-2025/webapp/src/main/resources) by extension 'colcon_meta'
[1.345s] Level 1:colcon.colcon_core.package_identification:_identify(Carleton-Mail-Delivery-Robot-2025/webapp/src/main/resources) by extensions ['ros']
[1.345s] Level 1:colcon.colcon_core.package_identification:_identify(Carleton-Mail-Delivery-Robot-2025/webapp/src/main/resources) by extension 'ros'
[1.345s] Level 1:colcon.colcon_core.package_identification:_identify(Carleton-Mail-Delivery-Robot-2025/webapp/src/main/resources) by extensions ['cmake', 'python']
[1.345s] Level 1:colcon.colcon_core.package_identification:_identify(Carleton-Mail-Delivery-Robot-2025/webapp/src/main/resources) by extension 'cmake'
[1.346s] Level 1:colcon.colcon_core.package_identification:_identify(Carleton-Mail-Delivery-Robot-2025/webapp/src/main/resources) by extension 'python'
[1.346s] Level 1:colcon.colcon_core.package_identification:_identify(Carleton-Mail-Delivery-Robot-2025/webapp/src/main/resources) by extensions ['python_setup_py']
[1.346s] Level 1:colcon.colcon_core.package_identification:_identify(Carleton-Mail-Delivery-Robot-2025/webapp/src/main/resources) by extension 'python_setup_py'
[1.347s] Level 1:colcon.colcon_core.package_identification:_identify(Carleton-Mail-Delivery-Robot-2025/webapp/src/main/resources/static) by extensions ['ignore', 'ignore_ament_install']
[1.347s] Level 1:colcon.colcon_core.package_identification:_identify(Carleton-Mail-Delivery-Robot-2025/webapp/src/main/resources/static) by extension 'ignore'
[1.348s] Level 1:colcon.colcon_core.package_identification:_identify(Carleton-Mail-Delivery-Robot-2025/webapp/src/main/resources/static) by extension 'ignore_ament_install'
[1.348s] Level 1:colcon.colcon_core.package_identification:_identify(Carleton-Mail-Delivery-Robot-2025/webapp/src/main/resources/static) by extensions ['colcon_pkg']
[1.348s] Level 1:colcon.colcon_core.package_identification:_identify(Carleton-Mail-Delivery-Robot-2025/webapp/src/main/resources/static) by extension 'colcon_pkg'
[1.348s] Level 1:colcon.colcon_core.package_identification:_identify(Carleton-Mail-Delivery-Robot-2025/webapp/src/main/resources/static) by extensions ['colcon_meta']
[1.348s] Level 1:colcon.colcon_core.package_identification:_identify(Carleton-Mail-Delivery-Robot-2025/webapp/src/main/resources/static) by extension 'colcon_meta'
[1.349s] Level 1:colcon.colcon_core.package_identification:_identify(Carleton-Mail-Delivery-Robot-2025/webapp/src/main/resources/static) by extensions ['ros']
[1.349s] Level 1:colcon.colcon_core.package_identification:_identify(Carleton-Mail-Delivery-Robot-2025/webapp/src/main/resources/static) by extension 'ros'
[1.349s] Level 1:colcon.colcon_core.package_identification:_identify(Carleton-Mail-Delivery-Robot-2025/webapp/src/main/resources/static) by extensions ['cmake', 'python']
[1.350s] Level 1:colcon.colcon_core.package_identification:_identify(Carleton-Mail-Delivery-Robot-2025/webapp/src/main/resources/static) by extension 'cmake'
[1.350s] Level 1:colcon.colcon_core.package_identification:_identify(Carleton-Mail-Delivery-Robot-2025/webapp/src/main/resources/static) by extension 'python'
[1.350s] Level 1:colcon.colcon_core.package_identification:_identify(Carleton-Mail-Delivery-Robot-2025/webapp/src/main/resources/static) by extensions ['python_setup_py']
[1.350s] Level 1:colcon.colcon_core.package_identification:_identify(Carleton-Mail-Delivery-Robot-2025/webapp/src/main/resources/static) by extension 'python_setup_py'
[1.351s] Level 1:colcon.colcon_core.package_identification:_identify(Carleton-Mail-Delivery-Robot-2025/webapp/src/main/resources/static/static) by extensions ['ignore', 'ignore_ament_install']
[1.351s] Level 1:colcon.colcon_core.package_identification:_identify(Carleton-Mail-Delivery-Robot-2025/webapp/src/main/resources/static/static) by extension 'ignore'
[1.352s] Level 1:colcon.colcon_core.package_identification:_identify(Carleton-Mail-Delivery-Robot-2025/webapp/src/main/resources/static/static) by extension 'ignore_ament_install'
[1.352s] Level 1:colcon.colcon_core.package_identification:_identify(Carleton-Mail-Delivery-Robot-2025/webapp/src/main/resources/static/static) by extensions ['colcon_pkg']
[1.352s] Level 1:colcon.colcon_core.package_identification:_identify(Carleton-Mail-Delivery-Robot-2025/webapp/src/main/resources/static/static) by extension 'colcon_pkg'
[1.352s] Level 1:colcon.colcon_core.package_identification:_identify(Carleton-Mail-Delivery-Robot-2025/webapp/src/main/resources/static/static) by extensions ['colcon_meta']
[1.353s] Level 1:colcon.colcon_core.package_identification:_identify(Carleton-Mail-Delivery-Robot-2025/webapp/src/main/resources/static/static) by extension 'colcon_meta'
[1.353s] Level 1:colcon.colcon_core.package_identification:_identify(Carleton-Mail-Delivery-Robot-2025/webapp/src/main/resources/static/static) by extensions ['ros']
[1.353s] Level 1:colcon.colcon_core.package_identification:_identify(Carleton-Mail-Delivery-Robot-2025/webapp/src/main/resources/static/static) by extension 'ros'
[1.354s] Level 1:colcon.colcon_core.package_identification:_identify(Carleton-Mail-Delivery-Robot-2025/webapp/src/main/resources/static/static) by extensions ['cmake', 'python']
[1.354s] Level 1:colcon.colcon_core.package_identification:_identify(Carleton-Mail-Delivery-Robot-2025/webapp/src/main/resources/static/static) by extension 'cmake'
[1.354s] Level 1:colcon.colcon_core.package_identification:_identify(Carleton-Mail-Delivery-Robot-2025/webapp/src/main/resources/static/static) by extension 'python'
[1.354s] Level 1:colcon.colcon_core.package_identification:_identify(Carleton-Mail-Delivery-Robot-2025/webapp/src/main/resources/static/static) by extensions ['python_setup_py']
[1.355s] Level 1:colcon.colcon_core.package_identification:_identify(Carleton-Mail-Delivery-Robot-2025/webapp/src/main/resources/static/static) by extension 'python_setup_py'
[1.355s] Level 1:colcon.colcon_core.package_identification:_identify(Carleton-Mail-Delivery-Robot-2025/webapp/src/main/resources/static/static/css) by extensions ['ignore', 'ignore_ament_install']
[1.356s] Level 1:colcon.colcon_core.package_identification:_identify(Carleton-Mail-Delivery-Robot-2025/webapp/src/main/resources/static/static/css) by extension 'ignore'
[1.356s] Level 1:colcon.colcon_core.package_identification:_identify(Carleton-Mail-Delivery-Robot-2025/webapp/src/main/resources/static/static/css) by extension 'ignore_ament_install'
[1.356s] Level 1:colcon.colcon_core.package_identification:_identify(Carleton-Mail-Delivery-Robot-2025/webapp/src/main/resources/static/static/css) by extensions ['colcon_pkg']
[1.357s] Level 1:colcon.colcon_core.package_identification:_identify(Carleton-Mail-Delivery-Robot-2025/webapp/src/main/resources/static/static/css) by extension 'colcon_pkg'
[1.357s] Level 1:colcon.colcon_core.package_identification:_identify(Carleton-Mail-Delivery-Robot-2025/webapp/src/main/resources/static/static/css) by extensions ['colcon_meta']
[1.357s] Level 1:colcon.colcon_core.package_identification:_identify(Carleton-Mail-Delivery-Robot-2025/webapp/src/main/resources/static/static/css) by extension 'colcon_meta'
[1.358s] Level 1:colcon.colcon_core.package_identification:_identify(Carleton-Mail-Delivery-Robot-2025/webapp/src/main/resources/static/static/css) by extensions ['ros']
[1.358s] Level 1:colcon.colcon_core.package_identification:_identify(Carleton-Mail-Delivery-Robot-2025/webapp/src/main/resources/static/static/css) by extension 'ros'
[1.358s] Level 1:colcon.colcon_core.package_identification:_identify(Carleton-Mail-Delivery-Robot-2025/webapp/src/main/resources/static/static/css) by extensions ['cmake', 'python']
[1.358s] Level 1:colcon.colcon_core.package_identification:_identify(Carleton-Mail-Delivery-Robot-2025/webapp/src/main/resources/static/static/css) by extension 'cmake'
[1.359s] Level 1:colcon.colcon_core.package_identification:_identify(Carleton-Mail-Delivery-Robot-2025/webapp/src/main/resources/static/static/css) by extension 'python'
[1.359s] Level 1:colcon.colcon_core.package_identification:_identify(Carleton-Mail-Delivery-Robot-2025/webapp/src/main/resources/static/static/css) by extensions ['python_setup_py']
[1.359s] Level 1:colcon.colcon_core.package_identification:_identify(Carleton-Mail-Delivery-Robot-2025/webapp/src/main/resources/static/static/css) by extension 'python_setup_py'
[1.360s] Level 1:colcon.colcon_core.package_identification:_identify(Carleton-Mail-Delivery-Robot-2025/webapp/src/main/resources/static/static/images) by extensions ['ignore', 'ignore_ament_install']
[1.360s] Level 1:colcon.colcon_core.package_identification:_identify(Carleton-Mail-Delivery-Robot-2025/webapp/src/main/resources/static/static/images) by extension 'ignore'
[1.361s] Level 1:colcon.colcon_core.package_identification:_identify(Carleton-Mail-Delivery-Robot-2025/webapp/src/main/resources/static/static/images) by extension 'ignore_ament_install'
[1.361s] Level 1:colcon.colcon_core.package_identification:_identify(Carleton-Mail-Delivery-Robot-2025/webapp/src/main/resources/static/static/images) by extensions ['colcon_pkg']
[1.361s] Level 1:colcon.colcon_core.package_identification:_identify(Carleton-Mail-Delivery-Robot-2025/webapp/src/main/resources/static/static/images) by extension 'colcon_pkg'
[1.361s] Level 1:colcon.colcon_core.package_identification:_identify(Carleton-Mail-Delivery-Robot-2025/webapp/src/main/resources/static/static/images) by extensions ['colcon_meta']
[1.361s] Level 1:colcon.colcon_core.package_identification:_identify(Carleton-Mail-Delivery-Robot-2025/webapp/src/main/resources/static/static/images) by extension 'colcon_meta'
[1.362s] Level 1:colcon.colcon_core.package_identification:_identify(Carleton-Mail-Delivery-Robot-2025/webapp/src/main/resources/static/static/images) by extensions ['ros']
[1.362s] Level 1:colcon.colcon_core.package_identification:_identify(Carleton-Mail-Delivery-Robot-2025/webapp/src/main/resources/static/static/images) by extension 'ros'
[1.363s] Level 1:colcon.colcon_core.package_identification:_identify(Carleton-Mail-Delivery-Robot-2025/webapp/src/main/resources/static/static/images) by extensions ['cmake', 'python']
[1.363s] Level 1:colcon.colcon_core.package_identification:_identify(Carleton-Mail-Delivery-Robot-2025/webapp/src/main/resources/static/static/images) by extension 'cmake'
[1.363s] Level 1:colcon.colcon_core.package_identification:_identify(Carleton-Mail-Delivery-Robot-2025/webapp/src/main/resources/static/static/images) by extension 'python'
[1.363s] Level 1:colcon.colcon_core.package_identification:_identify(Carleton-Mail-Delivery-Robot-2025/webapp/src/main/resources/static/static/images) by extensions ['python_setup_py']
[1.363s] Level 1:colcon.colcon_core.package_identification:_identify(Carleton-Mail-Delivery-Robot-2025/webapp/src/main/resources/static/static/images) by extension 'python_setup_py'
[1.364s] Level 1:colcon.colcon_core.package_identification:_identify(Carleton-Mail-Delivery-Robot-2025/webapp/src/main/resources/static/static/scripts) by extensions ['ignore', 'ignore_ament_install']
[1.365s] Level 1:colcon.colcon_core.package_identification:_identify(Carleton-Mail-Delivery-Robot-2025/webapp/src/main/resources/static/static/scripts) by extension 'ignore'
[1.365s] Level 1:colcon.colcon_core.package_identification:_identify(Carleton-Mail-Delivery-Robot-2025/webapp/src/main/resources/static/static/scripts) by extension 'ignore_ament_install'
[1.365s] Level 1:colcon.colcon_core.package_identification:_identify(Carleton-Mail-Delivery-Robot-2025/webapp/src/main/resources/static/static/scripts) by extensions ['colcon_pkg']
[1.366s] Level 1:colcon.colcon_core.package_identification:_identify(Carleton-Mail-Delivery-Robot-2025/webapp/src/main/resources/static/static/scripts) by extension 'colcon_pkg'
[1.366s] Level 1:colcon.colcon_core.package_identification:_identify(Carleton-Mail-Delivery-Robot-2025/webapp/src/main/resources/static/static/scripts) by extensions ['colcon_meta']
[1.366s] Level 1:colcon.colcon_core.package_identification:_identify(Carleton-Mail-Delivery-Robot-2025/webapp/src/main/resources/static/static/scripts) by extension 'colcon_meta'
[1.366s] Level 1:colcon.colcon_core.package_identification:_identify(Carleton-Mail-Delivery-Robot-2025/webapp/src/main/resources/static/static/scripts) by extensions ['ros']
[1.367s] Level 1:colcon.colcon_core.package_identification:_identify(Carleton-Mail-Delivery-Robot-2025/webapp/src/main/resources/static/static/scripts) by extension 'ros'
[1.367s] Level 1:colcon.colcon_core.package_identification:_identify(Carleton-Mail-Delivery-Robot-2025/webapp/src/main/resources/static/static/scripts) by extensions ['cmake', 'python']
[1.367s] Level 1:colcon.colcon_core.package_identification:_identify(Carleton-Mail-Delivery-Robot-2025/webapp/src/main/resources/static/static/scripts) by extension 'cmake'
[1.367s] Level 1:colcon.colcon_core.package_identification:_identify(Carleton-Mail-Delivery-Robot-2025/webapp/src/main/resources/static/static/scripts) by extension 'python'
[1.368s] Level 1:colcon.colcon_core.package_identification:_identify(Carleton-Mail-Delivery-Robot-2025/webapp/src/main/resources/static/static/scripts) by extensions ['python_setup_py']
[1.368s] Level 1:colcon.colcon_core.package_identification:_identify(Carleton-Mail-Delivery-Robot-2025/webapp/src/main/resources/static/static/scripts) by extension 'python_setup_py'
[1.369s] Level 1:colcon.colcon_core.package_identification:_identify(Carleton-Mail-Delivery-Robot-2025/webapp/src/main/resources/templates) by extensions ['ignore', 'ignore_ament_install']
[1.369s] Level 1:colcon.colcon_core.package_identification:_identify(Carleton-Mail-Delivery-Robot-2025/webapp/src/main/resources/templates) by extension 'ignore'
[1.369s] Level 1:colcon.colcon_core.package_identification:_identify(Carleton-Mail-Delivery-Robot-2025/webapp/src/main/resources/templates) by extension 'ignore_ament_install'
[1.370s] Level 1:colcon.colcon_core.package_identification:_identify(Carleton-Mail-Delivery-Robot-2025/webapp/src/main/resources/templates) by extensions ['colcon_pkg']
[1.370s] Level 1:colcon.colcon_core.package_identification:_identify(Carleton-Mail-Delivery-Robot-2025/webapp/src/main/resources/templates) by extension 'colcon_pkg'
[1.370s] Level 1:colcon.colcon_core.package_identification:_identify(Carleton-Mail-Delivery-Robot-2025/webapp/src/main/resources/templates) by extensions ['colcon_meta']
[1.370s] Level 1:colcon.colcon_core.package_identification:_identify(Carleton-Mail-Delivery-Robot-2025/webapp/src/main/resources/templates) by extension 'colcon_meta'
[1.371s] Level 1:colcon.colcon_core.package_identification:_identify(Carleton-Mail-Delivery-Robot-2025/webapp/src/main/resources/templates) by extensions ['ros']
[1.371s] Level 1:colcon.colcon_core.package_identification:_identify(Carleton-Mail-Delivery-Robot-2025/webapp/src/main/resources/templates) by extension 'ros'
[1.371s] Level 1:colcon.colcon_core.package_identification:_identify(Carleton-Mail-Delivery-Robot-2025/webapp/src/main/resources/templates) by extensions ['cmake', 'python']
[1.372s] Level 1:colcon.colcon_core.package_identification:_identify(Carleton-Mail-Delivery-Robot-2025/webapp/src/main/resources/templates) by extension 'cmake'
[1.372s] Level 1:colcon.colcon_core.package_identification:_identify(Carleton-Mail-Delivery-Robot-2025/webapp/src/main/resources/templates) by extension 'python'
[1.372s] Level 1:colcon.colcon_core.package_identification:_identify(Carleton-Mail-Delivery-Robot-2025/webapp/src/main/resources/templates) by extensions ['python_setup_py']
[1.372s] Level 1:colcon.colcon_core.package_identification:_identify(Carleton-Mail-Delivery-Robot-2025/webapp/src/main/resources/templates) by extension 'python_setup_py'
[1.373s] Level 1:colcon.colcon_core.package_identification:_identify(Carleton-Mail-Delivery-Robot-2025/webapp/src/test) by extensions ['ignore', 'ignore_ament_install']
[1.373s] Level 1:colcon.colcon_core.package_identification:_identify(Carleton-Mail-Delivery-Robot-2025/webapp/src/test) by extension 'ignore'
[1.373s] Level 1:colcon.colcon_core.package_identification:_identify(Carleton-Mail-Delivery-Robot-2025/webapp/src/test) by extension 'ignore_ament_install'
[1.374s] Level 1:colcon.colcon_core.package_identification:_identify(Carleton-Mail-Delivery-Robot-2025/webapp/src/test) by extensions ['colcon_pkg']
[1.374s] Level 1:colcon.colcon_core.package_identification:_identify(Carleton-Mail-Delivery-Robot-2025/webapp/src/test) by extension 'colcon_pkg'
[1.374s] Level 1:colcon.colcon_core.package_identification:_identify(Carleton-Mail-Delivery-Robot-2025/webapp/src/test) by extensions ['colcon_meta']
[1.374s] Level 1:colcon.colcon_core.package_identification:_identify(Carleton-Mail-Delivery-Robot-2025/webapp/src/test) by extension 'colcon_meta'
[1.375s] Level 1:colcon.colcon_core.package_identification:_identify(Carleton-Mail-Delivery-Robot-2025/webapp/src/test) by extensions ['ros']
[1.375s] Level 1:colcon.colcon_core.package_identification:_identify(Carleton-Mail-Delivery-Robot-2025/webapp/src/test) by extension 'ros'
[1.375s] Level 1:colcon.colcon_core.package_identification:_identify(Carleton-Mail-Delivery-Robot-2025/webapp/src/test) by extensions ['cmake', 'python']
[1.375s] Level 1:colcon.colcon_core.package_identification:_identify(Carleton-Mail-Delivery-Robot-2025/webapp/src/test) by extension 'cmake'
[1.376s] Level 1:colcon.colcon_core.package_identification:_identify(Carleton-Mail-Delivery-Robot-2025/webapp/src/test) by extension 'python'
[1.376s] Level 1:colcon.colcon_core.package_identification:_identify(Carleton-Mail-Delivery-Robot-2025/webapp/src/test) by extensions ['python_setup_py']
[1.376s] Level 1:colcon.colcon_core.package_identification:_identify(Carleton-Mail-Delivery-Robot-2025/webapp/src/test) by extension 'python_setup_py'
[1.377s] Level 1:colcon.colcon_core.package_identification:_identify(Carleton-Mail-Delivery-Robot-2025/webapp/src/test/java) by extensions ['ignore', 'ignore_ament_install']
[1.377s] Level 1:colcon.colcon_core.package_identification:_identify(Carleton-Mail-Delivery-Robot-2025/webapp/src/test/java) by extension 'ignore'
[1.377s] Level 1:colcon.colcon_core.package_identification:_identify(Carleton-Mail-Delivery-Robot-2025/webapp/src/test/java) by extension 'ignore_ament_install'
[1.378s] Level 1:colcon.colcon_core.package_identification:_identify(Carleton-Mail-Delivery-Robot-2025/webapp/src/test/java) by extensions ['colcon_pkg']
[1.378s] Level 1:colcon.colcon_core.package_identification:_identify(Carleton-Mail-Delivery-Robot-2025/webapp/src/test/java) by extension 'colcon_pkg'
[1.378s] Level 1:colcon.colcon_core.package_identification:_identify(Carleton-Mail-Delivery-Robot-2025/webapp/src/test/java) by extensions ['colcon_meta']
[1.378s] Level 1:colcon.colcon_core.package_identification:_identify(Carleton-Mail-Delivery-Robot-2025/webapp/src/test/java) by extension 'colcon_meta'
[1.379s] Level 1:colcon.colcon_core.package_identification:_identify(Carleton-Mail-Delivery-Robot-2025/webapp/src/test/java) by extensions ['ros']
[1.379s] Level 1:colcon.colcon_core.package_identification:_identify(Carleton-Mail-Delivery-Robot-2025/webapp/src/test/java) by extension 'ros'
[1.379s] Level 1:colcon.colcon_core.package_identification:_identify(Carleton-Mail-Delivery-Robot-2025/webapp/src/test/java) by extensions ['cmake', 'python']
[1.379s] Level 1:colcon.colcon_core.package_identification:_identify(Carleton-Mail-Delivery-Robot-2025/webapp/src/test/java) by extension 'cmake'
[1.380s] Level 1:colcon.colcon_core.package_identification:_identify(Carleton-Mail-Delivery-Robot-2025/webapp/src/test/java) by extension 'python'
[1.380s] Level 1:colcon.colcon_core.package_identification:_identify(Carleton-Mail-Delivery-Robot-2025/webapp/src/test/java) by extensions ['python_setup_py']
[1.380s] Level 1:colcon.colcon_core.package_identification:_identify(Carleton-Mail-Delivery-Robot-2025/webapp/src/test/java) by extension 'python_setup_py'
[1.381s] Level 1:colcon.colcon_core.package_identification:_identify(Carleton-Mail-Delivery-Robot-2025/webapp/src/test/java/com) by extensions ['ignore', 'ignore_ament_install']
[1.381s] Level 1:colcon.colcon_core.package_identification:_identify(Carleton-Mail-Delivery-Robot-2025/webapp/src/test/java/com) by extension 'ignore'
[1.381s] Level 1:colcon.colcon_core.package_identification:_identify(Carleton-Mail-Delivery-Robot-2025/webapp/src/test/java/com) by extension 'ignore_ament_install'
[1.382s] Level 1:colcon.colcon_core.package_identification:_identify(Carleton-Mail-Delivery-Robot-2025/webapp/src/test/java/com) by extensions ['colcon_pkg']
[1.382s] Level 1:colcon.colcon_core.package_identification:_identify(Carleton-Mail-Delivery-Robot-2025/webapp/src/test/java/com) by extension 'colcon_pkg'
[1.382s] Level 1:colcon.colcon_core.package_identification:_identify(Carleton-Mail-Delivery-Robot-2025/webapp/src/test/java/com) by extensions ['colcon_meta']
[1.382s] Level 1:colcon.colcon_core.package_identification:_identify(Carleton-Mail-Delivery-Robot-2025/webapp/src/test/java/com) by extension 'colcon_meta'
[1.383s] Level 1:colcon.colcon_core.package_identification:_identify(Carleton-Mail-Delivery-Robot-2025/webapp/src/test/java/com) by extensions ['ros']
[1.383s] Level 1:colcon.colcon_core.package_identification:_identify(Carleton-Mail-Delivery-Robot-2025/webapp/src/test/java/com) by extension 'ros'
[1.383s] Level 1:colcon.colcon_core.package_identification:_identify(Carleton-Mail-Delivery-Robot-2025/webapp/src/test/java/com) by extensions ['cmake', 'python']
[1.383s] Level 1:colcon.colcon_core.package_identification:_identify(Carleton-Mail-Delivery-Robot-2025/webapp/src/test/java/com) by extension 'cmake'
[1.384s] Level 1:colcon.colcon_core.package_identification:_identify(Carleton-Mail-Delivery-Robot-2025/webapp/src/test/java/com) by extension 'python'
[1.384s] Level 1:colcon.colcon_core.package_identification:_identify(Carleton-Mail-Delivery-Robot-2025/webapp/src/test/java/com) by extensions ['python_setup_py']
[1.384s] Level 1:colcon.colcon_core.package_identification:_identify(Carleton-Mail-Delivery-Robot-2025/webapp/src/test/java/com) by extension 'python_setup_py'
[1.385s] Level 1:colcon.colcon_core.package_identification:_identify(Carleton-Mail-Delivery-Robot-2025/webapp/src/test/java/com/cmds) by extensions ['ignore', 'ignore_ament_install']
[1.385s] Level 1:colcon.colcon_core.package_identification:_identify(Carleton-Mail-Delivery-Robot-2025/webapp/src/test/java/com/cmds) by extension 'ignore'
[1.385s] Level 1:colcon.colcon_core.package_identification:_identify(Carleton-Mail-Delivery-Robot-2025/webapp/src/test/java/com/cmds) by extension 'ignore_ament_install'
[1.386s] Level 1:colcon.colcon_core.package_identification:_identify(Carleton-Mail-Delivery-Robot-2025/webapp/src/test/java/com/cmds) by extensions ['colcon_pkg']
[1.386s] Level 1:colcon.colcon_core.package_identification:_identify(Carleton-Mail-Delivery-Robot-2025/webapp/src/test/java/com/cmds) by extension 'colcon_pkg'
[1.386s] Level 1:colcon.colcon_core.package_identification:_identify(Carleton-Mail-Delivery-Robot-2025/webapp/src/test/java/com/cmds) by extensions ['colcon_meta']
[1.386s] Level 1:colcon.colcon_core.package_identification:_identify(Carleton-Mail-Delivery-Robot-2025/webapp/src/test/java/com/cmds) by extension 'colcon_meta'
[1.387s] Level 1:colcon.colcon_core.package_identification:_identify(Carleton-Mail-Delivery-Robot-2025/webapp/src/test/java/com/cmds) by extensions ['ros']
[1.387s] Level 1:colcon.colcon_core.package_identification:_identify(Carleton-Mail-Delivery-Robot-2025/webapp/src/test/java/com/cmds) by extension 'ros'
[1.387s] Level 1:colcon.colcon_core.package_identification:_identify(Carleton-Mail-Delivery-Robot-2025/webapp/src/test/java/com/cmds) by extensions ['cmake', 'python']
[1.388s] Level 1:colcon.colcon_core.package_identification:_identify(Carleton-Mail-Delivery-Robot-2025/webapp/src/test/java/com/cmds) by extension 'cmake'
[1.388s] Level 1:colcon.colcon_core.package_identification:_identify(Carleton-Mail-Delivery-Robot-2025/webapp/src/test/java/com/cmds) by extension 'python'
[1.388s] Level 1:colcon.colcon_core.package_identification:_identify(Carleton-Mail-Delivery-Robot-2025/webapp/src/test/java/com/cmds) by extensions ['python_setup_py']
[1.388s] Level 1:colcon.colcon_core.package_identification:_identify(Carleton-Mail-Delivery-Robot-2025/webapp/src/test/java/com/cmds) by extension 'python_setup_py'
[1.389s] Level 1:colcon.colcon_core.package_identification:_identify(Carleton-Mail-Delivery-Robot-2025/webapp/src/test/java/com/cmds/webapp) by extensions ['ignore', 'ignore_ament_install']
[1.389s] Level 1:colcon.colcon_core.package_identification:_identify(Carleton-Mail-Delivery-Robot-2025/webapp/src/test/java/com/cmds/webapp) by extension 'ignore'
[1.390s] Level 1:colcon.colcon_core.package_identification:_identify(Carleton-Mail-Delivery-Robot-2025/webapp/src/test/java/com/cmds/webapp) by extension 'ignore_ament_install'
[1.390s] Level 1:colcon.colcon_core.package_identification:_identify(Carleton-Mail-Delivery-Robot-2025/webapp/src/test/java/com/cmds/webapp) by extensions ['colcon_pkg']
[1.390s] Level 1:colcon.colcon_core.package_identification:_identify(Carleton-Mail-Delivery-Robot-2025/webapp/src/test/java/com/cmds/webapp) by extension 'colcon_pkg'
[1.390s] Level 1:colcon.colcon_core.package_identification:_identify(Carleton-Mail-Delivery-Robot-2025/webapp/src/test/java/com/cmds/webapp) by extensions ['colcon_meta']
[1.390s] Level 1:colcon.colcon_core.package_identification:_identify(Carleton-Mail-Delivery-Robot-2025/webapp/src/test/java/com/cmds/webapp) by extension 'colcon_meta'
[1.391s] Level 1:colcon.colcon_core.package_identification:_identify(Carleton-Mail-Delivery-Robot-2025/webapp/src/test/java/com/cmds/webapp) by extensions ['ros']
[1.391s] Level 1:colcon.colcon_core.package_identification:_identify(Carleton-Mail-Delivery-Robot-2025/webapp/src/test/java/com/cmds/webapp) by extension 'ros'
[1.392s] Level 1:colcon.colcon_core.package_identification:_identify(Carleton-Mail-Delivery-Robot-2025/webapp/src/test/java/com/cmds/webapp) by extensions ['cmake', 'python']
[1.392s] Level 1:colcon.colcon_core.package_identification:_identify(Carleton-Mail-Delivery-Robot-2025/webapp/src/test/java/com/cmds/webapp) by extension 'cmake'
[1.392s] Level 1:colcon.colcon_core.package_identification:_identify(Carleton-Mail-Delivery-Robot-2025/webapp/src/test/java/com/cmds/webapp) by extension 'python'
[1.392s] Level 1:colcon.colcon_core.package_identification:_identify(Carleton-Mail-Delivery-Robot-2025/webapp/src/test/java/com/cmds/webapp) by extensions ['python_setup_py']
[1.392s] Level 1:colcon.colcon_core.package_identification:_identify(Carleton-Mail-Delivery-Robot-2025/webapp/src/test/java/com/cmds/webapp) by extension 'python_setup_py'
[1.393s] Level 1:colcon.colcon_core.package_identification:_identify(build) by extensions ['ignore', 'ignore_ament_install']
[1.393s] Level 1:colcon.colcon_core.package_identification:_identify(build) by extension 'ignore'
[1.394s] Level 1:colcon.colcon_core.package_identification:_identify(build) ignored
[1.394s] Level 1:colcon.colcon_core.package_identification:_identify(documents) by extensions ['ignore', 'ignore_ament_install']
[1.395s] Level 1:colcon.colcon_core.package_identification:_identify(documents) by extension 'ignore'
[1.395s] Level 1:colcon.colcon_core.package_identification:_identify(documents) by extension 'ignore_ament_install'
[1.395s] Level 1:colcon.colcon_core.package_identification:_identify(documents) by extensions ['colcon_pkg']
[1.395s] Level 1:colcon.colcon_core.package_identification:_identify(documents) by extension 'colcon_pkg'
[1.396s] Level 1:colcon.colcon_core.package_identification:_identify(documents) by extensions ['colcon_meta']
[1.396s] Level 1:colcon.colcon_core.package_identification:_identify(documents) by extension 'colcon_meta'
[1.396s] Level 1:colcon.colcon_core.package_identification:_identify(documents) by extensions ['ros']
[1.396s] Level 1:colcon.colcon_core.package_identification:_identify(documents) by extension 'ros'
[1.397s] Level 1:colcon.colcon_core.package_identification:_identify(documents) by extensions ['cmake', 'python']
[1.397s] Level 1:colcon.colcon_core.package_identification:_identify(documents) by extension 'cmake'
[1.397s] Level 1:colcon.colcon_core.package_identification:_identify(documents) by extension 'python'
[1.397s] Level 1:colcon.colcon_core.package_identification:_identify(documents) by extensions ['python_setup_py']
[1.397s] Level 1:colcon.colcon_core.package_identification:_identify(documents) by extension 'python_setup_py'
[1.398s] Level 1:colcon.colcon_core.package_identification:_identify(install) by extensions ['ignore', 'ignore_ament_install']
[1.398s] Level 1:colcon.colcon_core.package_identification:_identify(install) by extension 'ignore'
[1.398s] Level 1:colcon.colcon_core.package_identification:_identify(install) ignored
[1.399s] Level 1:colcon.colcon_core.package_identification:_identify(log) by extensions ['ignore', 'ignore_ament_install']
[1.399s] Level 1:colcon.colcon_core.package_identification:_identify(log) by extension 'ignore'
[1.400s] Level 1:colcon.colcon_core.package_identification:_identify(log) ignored
[1.400s] Level 1:colcon.colcon_core.package_identification:_identify(mail-delivery-robot) by extensions ['ignore', 'ignore_ament_install']
[1.401s] Level 1:colcon.colcon_core.package_identification:_identify(mail-delivery-robot) by extension 'ignore'
[1.401s] Level 1:colcon.colcon_core.package_identification:_identify(mail-delivery-robot) by extension 'ignore_ament_install'
[1.401s] Level 1:colcon.colcon_core.package_identification:_identify(mail-delivery-robot) by extensions ['colcon_pkg']
[1.401s] Level 1:colcon.colcon_core.package_identification:_identify(mail-delivery-robot) by extension 'colcon_pkg'
[1.401s] Level 1:colcon.colcon_core.package_identification:_identify(mail-delivery-robot) by extensions ['colcon_meta']
[1.402s] Level 1:colcon.colcon_core.package_identification:_identify(mail-delivery-robot) by extension 'colcon_meta'
[1.402s] Level 1:colcon.colcon_core.package_identification:_identify(mail-delivery-robot) by extensions ['ros']
[1.402s] Level 1:colcon.colcon_core.package_identification:_identify(mail-delivery-robot) by extension 'ros'
[1.411s] DEBUG:colcon.colcon_core.package_identification:Package 'mail-delivery-robot' with type 'ros.ament_python' and name 'mail-delivery-robot'
[1.412s] Level 1:colcon.colcon_core.package_identification:_identify(src) by extensions ['ignore', 'ignore_ament_install']
[1.412s] Level 1:colcon.colcon_core.package_identification:_identify(src) by extension 'ignore'
[1.413s] Level 1:colcon.colcon_core.package_identification:_identify(src) by extension 'ignore_ament_install'
[1.413s] Level 1:colcon.colcon_core.package_identification:_identify(src) by extensions ['colcon_pkg']
[1.413s] Level 1:colcon.colcon_core.package_identification:_identify(src) by extension 'colcon_pkg'
[1.413s] Level 1:colcon.colcon_core.package_identification:_identify(src) by extensions ['colcon_meta']
[1.414s] Level 1:colcon.colcon_core.package_identification:_identify(src) by extension 'colcon_meta'
[1.414s] Level 1:colcon.colcon_core.package_identification:_identify(src) by extensions ['ros']
[1.414s] Level 1:colcon.colcon_core.package_identification:_identify(src) by extension 'ros'
[1.414s] Level 1:colcon.colcon_core.package_identification:_identify(src) by extensions ['cmake', 'python']
[1.414s] Level 1:colcon.colcon_core.package_identification:_identify(src) by extension 'cmake'
[1.415s] Level 1:colcon.colcon_core.package_identification:_identify(src) by extension 'python'
[1.415s] Level 1:colcon.colcon_core.package_identification:_identify(src) by extensions ['python_setup_py']
[1.415s] Level 1:colcon.colcon_core.package_identification:_identify(src) by extension 'python_setup_py'
[1.416s] Level 1:colcon.colcon_core.package_identification:_identify(src/sllidar_ros2) by extensions ['ignore', 'ignore_ament_install']
[1.421s] Level 1:colcon.colcon_core.package_identification:_identify(src/sllidar_ros2) by extension 'ignore'
[1.422s] Level 1:colcon.colcon_core.package_identification:_identify(src/sllidar_ros2) by extension 'ignore_ament_install'
[1.422s] Level 1:colcon.colcon_core.package_identification:_identify(src/sllidar_ros2) by extensions ['colcon_pkg']
[1.422s] Level 1:colcon.colcon_core.package_identification:_identify(src/sllidar_ros2) by extension 'colcon_pkg'
[1.423s] Level 1:colcon.colcon_core.package_identification:_identify(src/sllidar_ros2) by extensions ['colcon_meta']
[1.423s] Level 1:colcon.colcon_core.package_identification:_identify(src/sllidar_ros2) by extension 'colcon_meta'
[1.423s] Level 1:colcon.colcon_core.package_identification:_identify(src/sllidar_ros2) by extensions ['ros']
[1.423s] Level 1:colcon.colcon_core.package_identification:_identify(src/sllidar_ros2) by extension 'ros'
[1.426s] DEBUG:colcon.colcon_core.package_identification:Package 'src/sllidar_ros2' with type 'ros.ament_cmake' and name 'sllidar_ros2'
[1.427s] Level 1:colcon.colcon_core.package_identification:_identify(src/tests) by extensions ['ignore', 'ignore_ament_install']
[1.427s] Level 1:colcon.colcon_core.package_identification:_identify(src/tests) by extension 'ignore'
[1.428s] Level 1:colcon.colcon_core.package_identification:_identify(src/tests) by extension 'ignore_ament_install'
[1.428s] Level 1:colcon.colcon_core.package_identification:_identify(src/tests) by extensions ['colcon_pkg']
[1.428s] Level 1:colcon.colcon_core.package_identification:_identify(src/tests) by extension 'colcon_pkg'
[1.429s] Level 1:colcon.colcon_core.package_identification:_identify(src/tests) by extensions ['colcon_meta']
[1.429s] Level 1:colcon.colcon_core.package_identification:_identify(src/tests) by extension 'colcon_meta'
[1.429s] Level 1:colcon.colcon_core.package_identification:_identify(src/tests) by extensions ['ros']
[1.429s] Level 1:colcon.colcon_core.package_identification:_identify(src/tests) by extension 'ros'
[1.430s] Level 1:colcon.colcon_core.package_identification:_identify(src/tests) by extensions ['cmake', 'python']
[1.430s] Level 1:colcon.colcon_core.package_identification:_identify(src/tests) by extension 'cmake'
[1.430s] Level 1:colcon.colcon_core.package_identification:_identify(src/tests) by extension 'python'
[1.430s] Level 1:colcon.colcon_core.package_identification:_identify(src/tests) by extensions ['python_setup_py']
[1.430s] Level 1:colcon.colcon_core.package_identification:_identify(src/tests) by extension 'python_setup_py'
[1.431s] Level 1:colcon.colcon_core.package_identification:_identify(webapp) by extensions ['ignore', 'ignore_ament_install']
[1.431s] Level 1:colcon.colcon_core.package_identification:_identify(webapp) by extension 'ignore'
[1.432s] Level 1:colcon.colcon_core.package_identification:_identify(webapp) by extension 'ignore_ament_install'
[1.432s] Level 1:colcon.colcon_core.package_identification:_identify(webapp) by extensions ['colcon_pkg']
[1.432s] Level 1:colcon.colcon_core.package_identification:_identify(webapp) by extension 'colcon_pkg'
[1.432s] Level 1:colcon.colcon_core.package_identification:_identify(webapp) by extensions ['colcon_meta']
[1.432s] Level 1:colcon.colcon_core.package_identification:_identify(webapp) by extension 'colcon_meta'
[1.433s] Level 1:colcon.colcon_core.package_identification:_identify(webapp) by extensions ['ros']
[1.433s] Level 1:colcon.colcon_core.package_identification:_identify(webapp) by extension 'ros'
[1.433s] Level 1:colcon.colcon_core.package_identification:_identify(webapp) by extensions ['cmake', 'python']
[1.433s] Level 1:colcon.colcon_core.package_identification:_identify(webapp) by extension 'cmake'
[1.434s] Level 1:colcon.colcon_core.package_identification:_identify(webapp) by extension 'python'
[1.434s] Level 1:colcon.colcon_core.package_identification:_identify(webapp) by extensions ['python_setup_py']
[1.434s] Level 1:colcon.colcon_core.package_identification:_identify(webapp) by extension 'python_setup_py'
[1.434s] Level 1:colcon.colcon_core.package_identification:_identify(webapp/src) by extensions ['ignore', 'ignore_ament_install']
[1.435s] Level 1:colcon.colcon_core.package_identification:_identify(webapp/src) by extension 'ignore'
[1.435s] Level 1:colcon.colcon_core.package_identification:_identify(webapp/src) by extension 'ignore_ament_install'
[1.435s] Level 1:colcon.colcon_core.package_identification:_identify(webapp/src) by extensions ['colcon_pkg']
[1.436s] Level 1:colcon.colcon_core.package_identification:_identify(webapp/src) by extension 'colcon_pkg'
[1.436s] Level 1:colcon.colcon_core.package_identification:_identify(webapp/src) by extensions ['colcon_meta']
[1.436s] Level 1:colcon.colcon_core.package_identification:_identify(webapp/src) by extension 'colcon_meta'
[1.436s] Level 1:colcon.colcon_core.package_identification:_identify(webapp/src) by extensions ['ros']
[1.436s] Level 1:colcon.colcon_core.package_identification:_identify(webapp/src) by extension 'ros'
[1.437s] Level 1:colcon.colcon_core.package_identification:_identify(webapp/src) by extensions ['cmake', 'python']
[1.437s] Level 1:colcon.colcon_core.package_identification:_identify(webapp/src) by extension 'cmake'
[1.437s] Level 1:colcon.colcon_core.package_identification:_identify(webapp/src) by extension 'python'
[1.437s] Level 1:colcon.colcon_core.package_identification:_identify(webapp/src) by extensions ['python_setup_py']
[1.438s] Level 1:colcon.colcon_core.package_identification:_identify(webapp/src) by extension 'python_setup_py'
[1.438s] Level 1:colcon.colcon_core.package_identification:_identify(webapp/src/main) by extensions ['ignore', 'ignore_ament_install']
[1.438s] Level 1:colcon.colcon_core.package_identification:_identify(webapp/src/main) by extension 'ignore'
[1.439s] Level 1:colcon.colcon_core.package_identification:_identify(webapp/src/main) by extension 'ignore_ament_install'
[1.439s] Level 1:colcon.colcon_core.package_identification:_identify(webapp/src/main) by extensions ['colcon_pkg']
[1.439s] Level 1:colcon.colcon_core.package_identification:_identify(webapp/src/main) by extension 'colcon_pkg'
[1.439s] Level 1:colcon.colcon_core.package_identification:_identify(webapp/src/main) by extensions ['colcon_meta']
[1.440s] Level 1:colcon.colcon_core.package_identification:_identify(webapp/src/main) by extension 'colcon_meta'
[1.440s] Level 1:colcon.colcon_core.package_identification:_identify(webapp/src/main) by extensions ['ros']
[1.440s] Level 1:colcon.colcon_core.package_identification:_identify(webapp/src/main) by extension 'ros'
[1.440s] Level 1:colcon.colcon_core.package_identification:_identify(webapp/src/main) by extensions ['cmake', 'python']
[1.441s] Level 1:colcon.colcon_core.package_identification:_identify(webapp/src/main) by extension 'cmake'
[1.441s] Level 1:colcon.colcon_core.package_identification:_identify(webapp/src/main) by extension 'python'
[1.441s] Level 1:colcon.colcon_core.package_identification:_identify(webapp/src/main) by extensions ['python_setup_py']
[1.441s] Level 1:colcon.colcon_core.package_identification:_identify(webapp/src/main) by extension 'python_setup_py'
[1.442s] Level 1:colcon.colcon_core.package_identification:_identify(webapp/src/main/java) by extensions ['ignore', 'ignore_ament_install']
[1.442s] Level 1:colcon.colcon_core.package_identification:_identify(webapp/src/main/java) by extension 'ignore'
[1.442s] Level 1:colcon.colcon_core.package_identification:_identify(webapp/src/main/java) by extension 'ignore_ament_install'
[1.443s] Level 1:colcon.colcon_core.package_identification:_identify(webapp/src/main/java) by extensions ['colcon_pkg']
[1.443s] Level 1:colcon.colcon_core.package_identification:_identify(webapp/src/main/java) by extension 'colcon_pkg'
[1.443s] Level 1:colcon.colcon_core.package_identification:_identify(webapp/src/main/java) by extensions ['colcon_meta']
[1.443s] Level 1:colcon.colcon_core.package_identification:_identify(webapp/src/main/java) by extension 'colcon_meta'
[1.444s] Level 1:colcon.colcon_core.package_identification:_identify(webapp/src/main/java) by extensions ['ros']
[1.444s] Level 1:colcon.colcon_core.package_identification:_identify(webapp/src/main/java) by extension 'ros'
[1.444s] Level 1:colcon.colcon_core.package_identification:_identify(webapp/src/main/java) by extensions ['cmake', 'python']
[1.444s] Level 1:colcon.colcon_core.package_identification:_identify(webapp/src/main/java) by extension 'cmake'
[1.444s] Level 1:colcon.colcon_core.package_identification:_identify(webapp/src/main/java) by extension 'python'
[1.445s] Level 1:colcon.colcon_core.package_identification:_identify(webapp/src/main/java) by extensions ['python_setup_py']
[1.445s] Level 1:colcon.colcon_core.package_identification:_identify(webapp/src/main/java) by extension 'python_setup_py'
[1.445s] Level 1:colcon.colcon_core.package_identification:_identify(webapp/src/main/java/com) by extensions ['ignore', 'ignore_ament_install']
[1.446s] Level 1:colcon.colcon_core.package_identification:_identify(webapp/src/main/java/com) by extension 'ignore'
[1.446s] Level 1:colcon.colcon_core.package_identification:_identify(webapp/src/main/java/com) by extension 'ignore_ament_install'
[1.446s] Level 1:colcon.colcon_core.package_identification:_identify(webapp/src/main/java/com) by extensions ['colcon_pkg']
[1.447s] Level 1:colcon.colcon_core.package_identification:_identify(webapp/src/main/java/com) by extension 'colcon_pkg'
[1.447s] Level 1:colcon.colcon_core.package_identification:_identify(webapp/src/main/java/com) by extensions ['colcon_meta']
[1.447s] Level 1:colcon.colcon_core.package_identification:_identify(webapp/src/main/java/com) by extension 'colcon_meta'
[1.447s] Level 1:colcon.colcon_core.package_identification:_identify(webapp/src/main/java/com) by extensions ['ros']
[1.447s] Level 1:colcon.colcon_core.package_identification:_identify(webapp/src/main/java/com) by extension 'ros'
[1.448s] Level 1:colcon.colcon_core.package_identification:_identify(webapp/src/main/java/com) by extensions ['cmake', 'python']
[1.448s] Level 1:colcon.colcon_core.package_identification:_identify(webapp/src/main/java/com) by extension 'cmake'
[1.448s] Level 1:colcon.colcon_core.package_identification:_identify(webapp/src/main/java/com) by extension 'python'
[1.449s] Level 1:colcon.colcon_core.package_identification:_identify(webapp/src/main/java/com) by extensions ['python_setup_py']
[1.449s] Level 1:colcon.colcon_core.package_identification:_identify(webapp/src/main/java/com) by extension 'python_setup_py'
[1.449s] Level 1:colcon.colcon_core.package_identification:_identify(webapp/src/main/java/com/cmds) by extensions ['ignore', 'ignore_ament_install']
[1.450s] Level 1:colcon.colcon_core.package_identification:_identify(webapp/src/main/java/com/cmds) by extension 'ignore'
[1.450s] Level 1:colcon.colcon_core.package_identification:_identify(webapp/src/main/java/com/cmds) by extension 'ignore_ament_install'
[1.450s] Level 1:colcon.colcon_core.package_identification:_identify(webapp/src/main/java/com/cmds) by extensions ['colcon_pkg']
[1.450s] Level 1:colcon.colcon_core.package_identification:_identify(webapp/src/main/java/com/cmds) by extension 'colcon_pkg'
[1.451s] Level 1:colcon.colcon_core.package_identification:_identify(webapp/src/main/java/com/cmds) by extensions ['colcon_meta']
[1.451s] Level 1:colcon.colcon_core.package_identification:_identify(webapp/src/main/java/com/cmds) by extension 'colcon_meta'
[1.451s] Level 1:colcon.colcon_core.package_identification:_identify(webapp/src/main/java/com/cmds) by extensions ['ros']
[1.451s] Level 1:colcon.colcon_core.package_identification:_identify(webapp/src/main/java/com/cmds) by extension 'ros'
[1.452s] Level 1:colcon.colcon_core.package_identification:_identify(webapp/src/main/java/com/cmds) by extensions ['cmake', 'python']
[1.452s] Level 1:colcon.colcon_core.package_identification:_identify(webapp/src/main/java/com/cmds) by extension 'cmake'
[1.452s] Level 1:colcon.colcon_core.package_identification:_identify(webapp/src/main/java/com/cmds) by extension 'python'
[1.452s] Level 1:colcon.colcon_core.package_identification:_identify(webapp/src/main/java/com/cmds) by extensions ['python_setup_py']
[1.453s] Level 1:colcon.colcon_core.package_identification:_identify(webapp/src/main/java/com/cmds) by extension 'python_setup_py'
[1.453s] Level 1:colcon.colcon_core.package_identification:_identify(webapp/src/main/java/com/cmds/webapp) by extensions ['ignore', 'ignore_ament_install']
[1.454s] Level 1:colcon.colcon_core.package_identification:_identify(webapp/src/main/java/com/cmds/webapp) by extension 'ignore'
[1.454s] Level 1:colcon.colcon_core.package_identification:_identify(webapp/src/main/java/com/cmds/webapp) by extension 'ignore_ament_install'
[1.454s] Level 1:colcon.colcon_core.package_identification:_identify(webapp/src/main/java/com/cmds/webapp) by extensions ['colcon_pkg']
[1.454s] Level 1:colcon.colcon_core.package_identification:_identify(webapp/src/main/java/com/cmds/webapp) by extension 'colcon_pkg'
[1.455s] Level 1:colcon.colcon_core.package_identification:_identify(webapp/src/main/java/com/cmds/webapp) by extensions ['colcon_meta']
[1.455s] Level 1:colcon.colcon_core.package_identification:_identify(webapp/src/main/java/com/cmds/webapp) by extension 'colcon_meta'
[1.455s] Level 1:colcon.colcon_core.package_identification:_identify(webapp/src/main/java/com/cmds/webapp) by extensions ['ros']
[1.455s] Level 1:colcon.colcon_core.package_identification:_identify(webapp/src/main/java/com/cmds/webapp) by extension 'ros'
[1.456s] Level 1:colcon.colcon_core.package_identification:_identify(webapp/src/main/java/com/cmds/webapp) by extensions ['cmake', 'python']
[1.456s] Level 1:colcon.colcon_core.package_identification:_identify(webapp/src/main/java/com/cmds/webapp) by extension 'cmake'
[1.456s] Level 1:colcon.colcon_core.package_identification:_identify(webapp/src/main/java/com/cmds/webapp) by extension 'python'
[1.456s] Level 1:colcon.colcon_core.package_identification:_identify(webapp/src/main/java/com/cmds/webapp) by extensions ['python_setup_py']
[1.457s] Level 1:colcon.colcon_core.package_identification:_identify(webapp/src/main/java/com/cmds/webapp) by extension 'python_setup_py'
[1.457s] Level 1:colcon.colcon_core.package_identification:_identify(webapp/src/main/java/com/cmds/webapp/aspect) by extensions ['ignore', 'ignore_ament_install']
[1.458s] Level 1:colcon.colcon_core.package_identification:_identify(webapp/src/main/java/com/cmds/webapp/aspect) by extension 'ignore'
[1.458s] Level 1:colcon.colcon_core.package_identification:_identify(webapp/src/main/java/com/cmds/webapp/aspect) by extension 'ignore_ament_install'
[1.458s] Level 1:colcon.colcon_core.package_identification:_identify(webapp/src/main/java/com/cmds/webapp/aspect) by extensions ['colcon_pkg']
[1.458s] Level 1:colcon.colcon_core.package_identification:_identify(webapp/src/main/java/com/cmds/webapp/aspect) by extension 'colcon_pkg'
[1.459s] Level 1:colcon.colcon_core.package_identification:_identify(webapp/src/main/java/com/cmds/webapp/aspect) by extensions ['colcon_meta']
[1.459s] Level 1:colcon.colcon_core.package_identification:_identify(webapp/src/main/java/com/cmds/webapp/aspect) by extension 'colcon_meta'
[1.459s] Level 1:colcon.colcon_core.package_identification:_identify(webapp/src/main/java/com/cmds/webapp/aspect) by extensions ['ros']
[1.459s] Level 1:colcon.colcon_core.package_identification:_identify(webapp/src/main/java/com/cmds/webapp/aspect) by extension 'ros'
[1.460s] Level 1:colcon.colcon_core.package_identification:_identify(webapp/src/main/java/com/cmds/webapp/aspect) by extensions ['cmake', 'python']
[1.460s] Level 1:colcon.colcon_core.package_identification:_identify(webapp/src/main/java/com/cmds/webapp/aspect) by extension 'cmake'
[1.460s] Level 1:colcon.colcon_core.package_identification:_identify(webapp/src/main/java/com/cmds/webapp/aspect) by extension 'python'
[1.461s] Level 1:colcon.colcon_core.package_identification:_identify(webapp/src/main/java/com/cmds/webapp/aspect) by extensions ['python_setup_py']
[1.461s] Level 1:colcon.colcon_core.package_identification:_identify(webapp/src/main/java/com/cmds/webapp/aspect) by extension 'python_setup_py'
[1.461s] Level 1:colcon.colcon_core.package_identification:_identify(webapp/src/main/java/com/cmds/webapp/controllers) by extensions ['ignore', 'ignore_ament_install']
[1.462s] Level 1:colcon.colcon_core.package_identification:_identify(webapp/src/main/java/com/cmds/webapp/controllers) by extension 'ignore'
[1.462s] Level 1:colcon.colcon_core.package_identification:_identify(webapp/src/main/java/com/cmds/webapp/controllers) by extension 'ignore_ament_install'
[1.462s] Level 1:colcon.colcon_core.package_identification:_identify(webapp/src/main/java/com/cmds/webapp/controllers) by extensions ['colcon_pkg']
[1.463s] Level 1:colcon.colcon_core.package_identification:_identify(webapp/src/main/java/com/cmds/webapp/controllers) by extension 'colcon_pkg'
[1.463s] Level 1:colcon.colcon_core.package_identification:_identify(webapp/src/main/java/com/cmds/webapp/controllers) by extensions ['colcon_meta']
[1.463s] Level 1:colcon.colcon_core.package_identification:_identify(webapp/src/main/java/com/cmds/webapp/controllers) by extension 'colcon_meta'
[1.463s] Level 1:colcon.colcon_core.package_identification:_identify(webapp/src/main/java/com/cmds/webapp/controllers) by extensions ['ros']
[1.464s] Level 1:colcon.colcon_core.package_identification:_identify(webapp/src/main/java/com/cmds/webapp/controllers) by extension 'ros'
[1.464s] Level 1:colcon.colcon_core.package_identification:_identify(webapp/src/main/java/com/cmds/webapp/controllers) by extensions ['cmake', 'python']
[1.464s] Level 1:colcon.colcon_core.package_identification:_identify(webapp/src/main/java/com/cmds/webapp/controllers) by extension 'cmake'
[1.464s] Level 1:colcon.colcon_core.package_identification:_identify(webapp/src/main/java/com/cmds/webapp/controllers) by extension 'python'
[1.465s] Level 1:colcon.colcon_core.package_identification:_identify(webapp/src/main/java/com/cmds/webapp/controllers) by extensions ['python_setup_py']
[1.465s] Level 1:colcon.colcon_core.package_identification:_identify(webapp/src/main/java/com/cmds/webapp/controllers) by extension 'python_setup_py'
[1.466s] Level 1:colcon.colcon_core.package_identification:_identify(webapp/src/main/java/com/cmds/webapp/models) by extensions ['ignore', 'ignore_ament_install']
[1.466s] Level 1:colcon.colcon_core.package_identification:_identify(webapp/src/main/java/com/cmds/webapp/models) by extension 'ignore'
[1.466s] Level 1:colcon.colcon_core.package_identification:_identify(webapp/src/main/java/com/cmds/webapp/models) by extension 'ignore_ament_install'
[1.467s] Level 1:colcon.colcon_core.package_identification:_identify(webapp/src/main/java/com/cmds/webapp/models) by extensions ['colcon_pkg']
[1.467s] Level 1:colcon.colcon_core.package_identification:_identify(webapp/src/main/java/com/cmds/webapp/models) by extension 'colcon_pkg'
[1.467s] Level 1:colcon.colcon_core.package_identification:_identify(webapp/src/main/java/com/cmds/webapp/models) by extensions ['colcon_meta']
[1.467s] Level 1:colcon.colcon_core.package_identification:_identify(webapp/src/main/java/com/cmds/webapp/models) by extension 'colcon_meta'
[1.468s] Level 1:colcon.colcon_core.package_identification:_identify(webapp/src/main/java/com/cmds/webapp/models) by extensions ['ros']
[1.468s] Level 1:colcon.colcon_core.package_identification:_identify(webapp/src/main/java/com/cmds/webapp/models) by extension 'ros'
[1.468s] Level 1:colcon.colcon_core.package_identification:_identify(webapp/src/main/java/com/cmds/webapp/models) by extensions ['cmake', 'python']
[1.468s] Level 1:colcon.colcon_core.package_identification:_identify(webapp/src/main/java/com/cmds/webapp/models) by extension 'cmake'
[1.469s] Level 1:colcon.colcon_core.package_identification:_identify(webapp/src/main/java/com/cmds/webapp/models) by extension 'python'
[1.469s] Level 1:colcon.colcon_core.package_identification:_identify(webapp/src/main/java/com/cmds/webapp/models) by extensions ['python_setup_py']
[1.469s] Level 1:colcon.colcon_core.package_identification:_identify(webapp/src/main/java/com/cmds/webapp/models) by extension 'python_setup_py'
[1.470s] Level 1:colcon.colcon_core.package_identification:_identify(webapp/src/main/java/com/cmds/webapp/repos) by extensions ['ignore', 'ignore_ament_install']
[1.470s] Level 1:colcon.colcon_core.package_identification:_identify(webapp/src/main/java/com/cmds/webapp/repos) by extension 'ignore'
[1.470s] Level 1:colcon.colcon_core.package_identification:_identify(webapp/src/main/java/com/cmds/webapp/repos) by extension 'ignore_ament_install'
[1.471s] Level 1:colcon.colcon_core.package_identification:_identify(webapp/src/main/java/com/cmds/webapp/repos) by extensions ['colcon_pkg']
[1.471s] Level 1:colcon.colcon_core.package_identification:_identify(webapp/src/main/java/com/cmds/webapp/repos) by extension 'colcon_pkg'
[1.471s] Level 1:colcon.colcon_core.package_identification:_identify(webapp/src/main/java/com/cmds/webapp/repos) by extensions ['colcon_meta']
[1.471s] Level 1:colcon.colcon_core.package_identification:_identify(webapp/src/main/java/com/cmds/webapp/repos) by extension 'colcon_meta'
[1.472s] Level 1:colcon.colcon_core.package_identification:_identify(webapp/src/main/java/com/cmds/webapp/repos) by extensions ['ros']
[1.472s] Level 1:colcon.colcon_core.package_identification:_identify(webapp/src/main/java/com/cmds/webapp/repos) by extension 'ros'
[1.472s] Level 1:colcon.colcon_core.package_identification:_identify(webapp/src/main/java/com/cmds/webapp/repos) by extensions ['cmake', 'python']
[1.472s] Level 1:colcon.colcon_core.package_identification:_identify(webapp/src/main/java/com/cmds/webapp/repos) by extension 'cmake'
[1.473s] Level 1:colcon.colcon_core.package_identification:_identify(webapp/src/main/java/com/cmds/webapp/repos) by extension 'python'
[1.473s] Level 1:colcon.colcon_core.package_identification:_identify(webapp/src/main/java/com/cmds/webapp/repos) by extensions ['python_setup_py']
[1.473s] Level 1:colcon.colcon_core.package_identification:_identify(webapp/src/main/java/com/cmds/webapp/repos) by extension 'python_setup_py'
[1.474s] Level 1:colcon.colcon_core.package_identification:_identify(webapp/src/main/resources) by extensions ['ignore', 'ignore_ament_install']
[1.474s] Level 1:colcon.colcon_core.package_identification:_identify(webapp/src/main/resources) by extension 'ignore'
[1.474s] Level 1:colcon.colcon_core.package_identification:_identify(webapp/src/main/resources) by extension 'ignore_ament_install'
[1.475s] Level 1:colcon.colcon_core.package_identification:_identify(webapp/src/main/resources) by extensions ['colcon_pkg']
[1.475s] Level 1:colcon.colcon_core.package_identification:_identify(webapp/src/main/resources) by extension 'colcon_pkg'
[1.475s] Level 1:colcon.colcon_core.package_identification:_identify(webapp/src/main/resources) by extensions ['colcon_meta']
[1.475s] Level 1:colcon.colcon_core.package_identification:_identify(webapp/src/main/resources) by extension 'colcon_meta'
[1.475s] Level 1:colcon.colcon_core.package_identification:_identify(webapp/src/main/resources) by extensions ['ros']
[1.476s] Level 1:colcon.colcon_core.package_identification:_identify(webapp/src/main/resources) by extension 'ros'
[1.476s] Level 1:colcon.colcon_core.package_identification:_identify(webapp/src/main/resources) by extensions ['cmake', 'python']
[1.476s] Level 1:colcon.colcon_core.package_identification:_identify(webapp/src/main/resources) by extension 'cmake'
[1.476s] Level 1:colcon.colcon_core.package_identification:_identify(webapp/src/main/resources) by extension 'python'
[1.477s] Level 1:colcon.colcon_core.package_identification:_identify(webapp/src/main/resources) by extensions ['python_setup_py']
[1.477s] Level 1:colcon.colcon_core.package_identification:_identify(webapp/src/main/resources) by extension 'python_setup_py'
[1.477s] Level 1:colcon.colcon_core.package_identification:_identify(webapp/src/main/resources/static) by extensions ['ignore', 'ignore_ament_install']
[1.478s] Level 1:colcon.colcon_core.package_identification:_identify(webapp/src/main/resources/static) by extension 'ignore'
[1.478s] Level 1:colcon.colcon_core.package_identification:_identify(webapp/src/main/resources/static) by extension 'ignore_ament_install'
[1.478s] Level 1:colcon.colcon_core.package_identification:_identify(webapp/src/main/resources/static) by extensions ['colcon_pkg']
[1.478s] Level 1:colcon.colcon_core.package_identification:_identify(webapp/src/main/resources/static) by extension 'colcon_pkg'
[1.479s] Level 1:colcon.colcon_core.package_identification:_identify(webapp/src/main/resources/static) by extensions ['colcon_meta']
[1.479s] Level 1:colcon.colcon_core.package_identification:_identify(webapp/src/main/resources/static) by extension 'colcon_meta'
[1.479s] Level 1:colcon.colcon_core.package_identification:_identify(webapp/src/main/resources/static) by extensions ['ros']
[1.479s] Level 1:colcon.colcon_core.package_identification:_identify(webapp/src/main/resources/static) by extension 'ros'
[1.480s] Level 1:colcon.colcon_core.package_identification:_identify(webapp/src/main/resources/static) by extensions ['cmake', 'python']
[1.480s] Level 1:colcon.colcon_core.package_identification:_identify(webapp/src/main/resources/static) by extension 'cmake'
[1.480s] Level 1:colcon.colcon_core.package_identification:_identify(webapp/src/main/resources/static) by extension 'python'
[1.480s] Level 1:colcon.colcon_core.package_identification:_identify(webapp/src/main/resources/static) by extensions ['python_setup_py']
[1.480s] Level 1:colcon.colcon_core.package_identification:_identify(webapp/src/main/resources/static) by extension 'python_setup_py'
[1.481s] Level 1:colcon.colcon_core.package_identification:_identify(webapp/src/main/resources/static/static) by extensions ['ignore', 'ignore_ament_install']
[1.481s] Level 1:colcon.colcon_core.package_identification:_identify(webapp/src/main/resources/static/static) by extension 'ignore'
[1.482s] Level 1:colcon.colcon_core.package_identification:_identify(webapp/src/main/resources/static/static) by extension 'ignore_ament_install'
[1.482s] Level 1:colcon.colcon_core.package_identification:_identify(webapp/src/main/resources/static/static) by extensions ['colcon_pkg']
[1.482s] Level 1:colcon.colcon_core.package_identification:_identify(webapp/src/main/resources/static/static) by extension 'colcon_pkg'
[1.482s] Level 1:colcon.colcon_core.package_identification:_identify(webapp/src/main/resources/static/static) by extensions ['colcon_meta']
[1.483s] Level 1:colcon.colcon_core.package_identification:_identify(webapp/src/main/resources/static/static) by extension 'colcon_meta'
[1.483s] Level 1:colcon.colcon_core.package_identification:_identify(webapp/src/main/resources/static/static) by extensions ['ros']
[1.483s] Level 1:colcon.colcon_core.package_identification:_identify(webapp/src/main/resources/static/static) by extension 'ros'
[1.484s] Level 1:colcon.colcon_core.package_identification:_identify(webapp/src/main/resources/static/static) by extensions ['cmake', 'python']
[1.484s] Level 1:colcon.colcon_core.package_identification:_identify(webapp/src/main/resources/static/static) by extension 'cmake'
[1.484s] Level 1:colcon.colcon_core.package_identification:_identify(webapp/src/main/resources/static/static) by extension 'python'
[1.484s] Level 1:colcon.colcon_core.package_identification:_identify(webapp/src/main/resources/static/static) by extensions ['python_setup_py']
[1.484s] Level 1:colcon.colcon_core.package_identification:_identify(webapp/src/main/resources/static/static) by extension 'python_setup_py'
[1.485s] Level 1:colcon.colcon_core.package_identification:_identify(webapp/src/main/resources/static/static/css) by extensions ['ignore', 'ignore_ament_install']
[1.486s] Level 1:colcon.colcon_core.package_identification:_identify(webapp/src/main/resources/static/static/css) by extension 'ignore'
[1.486s] Level 1:colcon.colcon_core.package_identification:_identify(webapp/src/main/resources/static/static/css) by extension 'ignore_ament_install'
[1.486s] Level 1:colcon.colcon_core.package_identification:_identify(webapp/src/main/resources/static/static/css) by extensions ['colcon_pkg']
[1.486s] Level 1:colcon.colcon_core.package_identification:_identify(webapp/src/main/resources/static/static/css) by extension 'colcon_pkg'
[1.486s] Level 1:colcon.colcon_core.package_identification:_identify(webapp/src/main/resources/static/static/css) by extensions ['colcon_meta']
[1.487s] Level 1:colcon.colcon_core.package_identification:_identify(webapp/src/main/resources/static/static/css) by extension 'colcon_meta'
[1.487s] Level 1:colcon.colcon_core.package_identification:_identify(webapp/src/main/resources/static/static/css) by extensions ['ros']
[1.487s] Level 1:colcon.colcon_core.package_identification:_identify(webapp/src/main/resources/static/static/css) by extension 'ros'
[1.488s] Level 1:colcon.colcon_core.package_identification:_identify(webapp/src/main/resources/static/static/css) by extensions ['cmake', 'python']
[1.488s] Level 1:colcon.colcon_core.package_identification:_identify(webapp/src/main/resources/static/static/css) by extension 'cmake'
[1.488s] Level 1:colcon.colcon_core.package_identification:_identify(webapp/src/main/resources/static/static/css) by extension 'python'
[1.488s] Level 1:colcon.colcon_core.package_identification:_identify(webapp/src/main/resources/static/static/css) by extensions ['python_setup_py']
[1.488s] Level 1:colcon.colcon_core.package_identification:_identify(webapp/src/main/resources/static/static/css) by extension 'python_setup_py'
[1.489s] Level 1:colcon.colcon_core.package_identification:_identify(webapp/src/main/resources/static/static/images) by extensions ['ignore', 'ignore_ament_install']
[1.490s] Level 1:colcon.colcon_core.package_identification:_identify(webapp/src/main/resources/static/static/images) by extension 'ignore'
[1.490s] Level 1:colcon.colcon_core.package_identification:_identify(webapp/src/main/resources/static/static/images) by extension 'ignore_ament_install'
[1.490s] Level 1:colcon.colcon_core.package_identification:_identify(webapp/src/main/resources/static/static/images) by extensions ['colcon_pkg']
[1.490s] Level 1:colcon.colcon_core.package_identification:_identify(webapp/src/main/resources/static/static/images) by extension 'colcon_pkg'
[1.490s] Level 1:colcon.colcon_core.package_identification:_identify(webapp/src/main/resources/static/static/images) by extensions ['colcon_meta']
[1.491s] Level 1:colcon.colcon_core.package_identification:_identify(webapp/src/main/resources/static/static/images) by extension 'colcon_meta'
[1.491s] Level 1:colcon.colcon_core.package_identification:_identify(webapp/src/main/resources/static/static/images) by extensions ['ros']
[1.491s] Level 1:colcon.colcon_core.package_identification:_identify(webapp/src/main/resources/static/static/images) by extension 'ros'
[1.492s] Level 1:colcon.colcon_core.package_identification:_identify(webapp/src/main/resources/static/static/images) by extensions ['cmake', 'python']
[1.492s] Level 1:colcon.colcon_core.package_identification:_identify(webapp/src/main/resources/static/static/images) by extension 'cmake'
[1.492s] Level 1:colcon.colcon_core.package_identification:_identify(webapp/src/main/resources/static/static/images) by extension 'python'
[1.492s] Level 1:colcon.colcon_core.package_identification:_identify(webapp/src/main/resources/static/static/images) by extensions ['python_setup_py']
[1.492s] Level 1:colcon.colcon_core.package_identification:_identify(webapp/src/main/resources/static/static/images) by extension 'python_setup_py'
[1.493s] Level 1:colcon.colcon_core.package_identification:_identify(webapp/src/main/resources/static/static/scripts) by extensions ['ignore', 'ignore_ament_install']
[1.494s] Level 1:colcon.colcon_core.package_identification:_identify(webapp/src/main/resources/static/static/scripts) by extension 'ignore'
[1.494s] Level 1:colcon.colcon_core.package_identification:_identify(webapp/src/main/resources/static/static/scripts) by extension 'ignore_ament_install'
[1.494s] Level 1:colcon.colcon_core.package_identification:_identify(webapp/src/main/resources/static/static/scripts) by extensions ['colcon_pkg']
[1.494s] Level 1:colcon.colcon_core.package_identification:_identify(webapp/src/main/resources/static/static/scripts) by extension 'colcon_pkg'
[1.495s] Level 1:colcon.colcon_core.package_identification:_identify(webapp/src/main/resources/static/static/scripts) by extensions ['colcon_meta']
[1.495s] Level 1:colcon.colcon_core.package_identification:_identify(webapp/src/main/resources/static/static/scripts) by extension 'colcon_meta'
[1.495s] Level 1:colcon.colcon_core.package_identification:_identify(webapp/src/main/resources/static/static/scripts) by extensions ['ros']
[1.495s] Level 1:colcon.colcon_core.package_identification:_identify(webapp/src/main/resources/static/static/scripts) by extension 'ros'
[1.496s] Level 1:colcon.colcon_core.package_identification:_identify(webapp/src/main/resources/static/static/scripts) by extensions ['cmake', 'python']
[1.496s] Level 1:colcon.colcon_core.package_identification:_identify(webapp/src/main/resources/static/static/scripts) by extension 'cmake'
[1.496s] Level 1:colcon.colcon_core.package_identification:_identify(webapp/src/main/resources/static/static/scripts) by extension 'python'
[1.496s] Level 1:colcon.colcon_core.package_identification:_identify(webapp/src/main/resources/static/static/scripts) by extensions ['python_setup_py']
[1.497s] Level 1:colcon.colcon_core.package_identification:_identify(webapp/src/main/resources/static/static/scripts) by extension 'python_setup_py'
[1.497s] Level 1:colcon.colcon_core.package_identification:_identify(webapp/src/main/resources/templates) by extensions ['ignore', 'ignore_ament_install']
[1.498s] Level 1:colcon.colcon_core.package_identification:_identify(webapp/src/main/resources/templates) by extension 'ignore'
[1.498s] Level 1:colcon.colcon_core.package_identification:_identify(webapp/src/main/resources/templates) by extension 'ignore_ament_install'
[1.498s] Level 1:colcon.colcon_core.package_identification:_identify(webapp/src/main/resources/templates) by extensions ['colcon_pkg']
[1.498s] Level 1:colcon.colcon_core.package_identification:_identify(webapp/src/main/resources/templates) by extension 'colcon_pkg'
[1.499s] Level 1:colcon.colcon_core.package_identification:_identify(webapp/src/main/resources/templates) by extensions ['colcon_meta']
[1.499s] Level 1:colcon.colcon_core.package_identification:_identify(webapp/src/main/resources/templates) by extension 'colcon_meta'
[1.499s] Level 1:colcon.colcon_core.package_identification:_identify(webapp/src/main/resources/templates) by extensions ['ros']
[1.499s] Level 1:colcon.colcon_core.package_identification:_identify(webapp/src/main/resources/templates) by extension 'ros'
[1.500s] Level 1:colcon.colcon_core.package_identification:_identify(webapp/src/main/resources/templates) by extensions ['cmake', 'python']
[1.500s] Level 1:colcon.colcon_core.package_identification:_identify(webapp/src/main/resources/templates) by extension 'cmake'
[1.500s] Level 1:colcon.colcon_core.package_identification:_identify(webapp/src/main/resources/templates) by extension 'python'
[1.500s] Level 1:colcon.colcon_core.package_identification:_identify(webapp/src/main/resources/templates) by extensions ['python_setup_py']
[1.501s] Level 1:colcon.colcon_core.package_identification:_identify(webapp/src/main/resources/templates) by extension 'python_setup_py'
[1.501s] Level 1:colcon.colcon_core.package_identification:_identify(webapp/src/test) by extensions ['ignore', 'ignore_ament_install']
[1.501s] Level 1:colcon.colcon_core.package_identification:_identify(webapp/src/test) by extension 'ignore'
[1.502s] Level 1:colcon.colcon_core.package_identification:_identify(webapp/src/test) by extension 'ignore_ament_install'
[1.502s] Level 1:colcon.colcon_core.package_identification:_identify(webapp/src/test) by extensions ['colcon_pkg']
[1.502s] Level 1:colcon.colcon_core.package_identification:_identify(webapp/src/test) by extension 'colcon_pkg'
[1.502s] Level 1:colcon.colcon_core.package_identification:_identify(webapp/src/test) by extensions ['colcon_meta']
[1.502s] Level 1:colcon.colcon_core.package_identification:_identify(webapp/src/test) by extension 'colcon_meta'
[1.503s] Level 1:colcon.colcon_core.package_identification:_identify(webapp/src/test) by extensions ['ros']
[1.503s] Level 1:colcon.colcon_core.package_identification:_identify(webapp/src/test) by extension 'ros'
[1.503s] Level 1:colcon.colcon_core.package_identification:_identify(webapp/src/test) by extensions ['cmake', 'python']
[1.504s] Level 1:colcon.colcon_core.package_identification:_identify(webapp/src/test) by extension 'cmake'
[1.504s] Level 1:colcon.colcon_core.package_identification:_identify(webapp/src/test) by extension 'python'
[1.504s] Level 1:colcon.colcon_core.package_identification:_identify(webapp/src/test) by extensions ['python_setup_py']
[1.504s] Level 1:colcon.colcon_core.package_identification:_identify(webapp/src/test) by extension 'python_setup_py'
[1.505s] Level 1:colcon.colcon_core.package_identification:_identify(webapp/src/test/java) by extensions ['ignore', 'ignore_ament_install']
[1.505s] Level 1:colcon.colcon_core.package_identification:_identify(webapp/src/test/java) by extension 'ignore'
[1.505s] Level 1:colcon.colcon_core.package_identification:_identify(webapp/src/test/java) by extension 'ignore_ament_install'
[1.506s] Level 1:colcon.colcon_core.package_identification:_identify(webapp/src/test/java) by extensions ['colcon_pkg']
[1.506s] Level 1:colcon.colcon_core.package_identification:_identify(webapp/src/test/java) by extension 'colcon_pkg'
[1.506s] Level 1:colcon.colcon_core.package_identification:_identify(webapp/src/test/java) by extensions ['colcon_meta']
[1.506s] Level 1:colcon.colcon_core.package_identification:_identify(webapp/src/test/java) by extension 'colcon_meta'
[1.506s] Level 1:colcon.colcon_core.package_identification:_identify(webapp/src/test/java) by extensions ['ros']
[1.507s] Level 1:colcon.colcon_core.package_identification:_identify(webapp/src/test/java) by extension 'ros'
[1.507s] Level 1:colcon.colcon_core.package_identification:_identify(webapp/src/test/java) by extensions ['cmake', 'python']
[1.507s] Level 1:colcon.colcon_core.package_identification:_identify(webapp/src/test/java) by extension 'cmake'
[1.507s] Level 1:colcon.colcon_core.package_identification:_identify(webapp/src/test/java) by extension 'python'
[1.508s] Level 1:colcon.colcon_core.package_identification:_identify(webapp/src/test/java) by extensions ['python_setup_py']
[1.508s] Level 1:colcon.colcon_core.package_identification:_identify(webapp/src/test/java) by extension 'python_setup_py'
[1.508s] Level 1:colcon.colcon_core.package_identification:_identify(webapp/src/test/java/com) by extensions ['ignore', 'ignore_ament_install']
[1.509s] Level 1:colcon.colcon_core.package_identification:_identify(webapp/src/test/java/com) by extension 'ignore'
[1.509s] Level 1:colcon.colcon_core.package_identification:_identify(webapp/src/test/java/com) by extension 'ignore_ament_install'
[1.509s] Level 1:colcon.colcon_core.package_identification:_identify(webapp/src/test/java/com) by extensions ['colcon_pkg']
[1.509s] Level 1:colcon.colcon_core.package_identification:_identify(webapp/src/test/java/com) by extension 'colcon_pkg'
[1.510s] Level 1:colcon.colcon_core.package_identification:_identify(webapp/src/test/java/com) by extensions ['colcon_meta']
[1.510s] Level 1:colcon.colcon_core.package_identification:_identify(webapp/src/test/java/com) by extension 'colcon_meta'
[1.510s] Level 1:colcon.colcon_core.package_identification:_identify(webapp/src/test/java/com) by extensions ['ros']
[1.510s] Level 1:colcon.colcon_core.package_identification:_identify(webapp/src/test/java/com) by extension 'ros'
[1.511s] Level 1:colcon.colcon_core.package_identification:_identify(webapp/src/test/java/com) by extensions ['cmake', 'python']
[1.511s] Level 1:colcon.colcon_core.package_identification:_identify(webapp/src/test/java/com) by extension 'cmake'
[1.511s] Level 1:colcon.colcon_core.package_identification:_identify(webapp/src/test/java/com) by extension 'python'
[1.511s] Level 1:colcon.colcon_core.package_identification:_identify(webapp/src/test/java/com) by extensions ['python_setup_py']
[1.512s] Level 1:colcon.colcon_core.package_identification:_identify(webapp/src/test/java/com) by extension 'python_setup_py'
[1.512s] Level 1:colcon.colcon_core.package_identification:_identify(webapp/src/test/java/com/cmds) by extensions ['ignore', 'ignore_ament_install']
[1.513s] Level 1:colcon.colcon_core.package_identification:_identify(webapp/src/test/java/com/cmds) by extension 'ignore'
[1.513s] Level 1:colcon.colcon_core.package_identification:_identify(webapp/src/test/java/com/cmds) by extension 'ignore_ament_install'
[1.513s] Level 1:colcon.colcon_core.package_identification:_identify(webapp/src/test/java/com/cmds) by extensions ['colcon_pkg']
[1.513s] Level 1:colcon.colcon_core.package_identification:_identify(webapp/src/test/java/com/cmds) by extension 'colcon_pkg'
[1.514s] Level 1:colcon.colcon_core.package_identification:_identify(webapp/src/test/java/com/cmds) by extensions ['colcon_meta']
[1.514s] Level 1:colcon.colcon_core.package_identification:_identify(webapp/src/test/java/com/cmds) by extension 'colcon_meta'
[1.514s] Level 1:colcon.colcon_core.package_identification:_identify(webapp/src/test/java/com/cmds) by extensions ['ros']
[1.514s] Level 1:colcon.colcon_core.package_identification:_identify(webapp/src/test/java/com/cmds) by extension 'ros'
[1.515s] Level 1:colcon.colcon_core.package_identification:_identify(webapp/src/test/java/com/cmds) by extensions ['cmake', 'python']
[1.515s] Level 1:colcon.colcon_core.package_identification:_identify(webapp/src/test/java/com/cmds) by extension 'cmake'
[1.515s] Level 1:colcon.colcon_core.package_identification:_identify(webapp/src/test/java/com/cmds) by extension 'python'
[1.515s] Level 1:colcon.colcon_core.package_identification:_identify(webapp/src/test/java/com/cmds) by extensions ['python_setup_py']
[1.516s] Level 1:colcon.colcon_core.package_identification:_identify(webapp/src/test/java/com/cmds) by extension 'python_setup_py'
[1.516s] Level 1:colcon.colcon_core.package_identification:_identify(webapp/src/test/java/com/cmds/webapp) by extensions ['ignore', 'ignore_ament_install']
[1.517s] Level 1:colcon.colcon_core.package_identification:_identify(webapp/src/test/java/com/cmds/webapp) by extension 'ignore'
[1.517s] Level 1:colcon.colcon_core.package_identification:_identify(webapp/src/test/java/com/cmds/webapp) by extension 'ignore_ament_install'
[1.517s] Level 1:colcon.colcon_core.package_identification:_identify(webapp/src/test/java/com/cmds/webapp) by extensions ['colcon_pkg']
[1.517s] Level 1:colcon.colcon_core.package_identification:_identify(webapp/src/test/java/com/cmds/webapp) by extension 'colcon_pkg'
[1.518s] Level 1:colcon.colcon_core.package_identification:_identify(webapp/src/test/java/com/cmds/webapp) by extensions ['colcon_meta']
[1.518s] Level 1:colcon.colcon_core.package_identification:_identify(webapp/src/test/java/com/cmds/webapp) by extension 'colcon_meta'
[1.518s] Level 1:colcon.colcon_core.package_identification:_identify(webapp/src/test/java/com/cmds/webapp) by extensions ['ros']
[1.518s] Level 1:colcon.colcon_core.package_identification:_identify(webapp/src/test/java/com/cmds/webapp) by extension 'ros'
[1.519s] Level 1:colcon.colcon_core.package_identification:_identify(webapp/src/test/java/com/cmds/webapp) by extensions ['cmake', 'python']
[1.519s] Level 1:colcon.colcon_core.package_identification:_identify(webapp/src/test/java/com/cmds/webapp) by extension 'cmake'
[1.519s] Level 1:colcon.colcon_core.package_identification:_identify(webapp/src/test/java/com/cmds/webapp) by extension 'python'
[1.519s] Level 1:colcon.colcon_core.package_identification:_identify(webapp/src/test/java/com/cmds/webapp) by extensions ['python_setup_py']
[1.519s] Level 1:colcon.colcon_core.package_identification:_identify(webapp/src/test/java/com/cmds/webapp) by extension 'python_setup_py'
[1.520s] Level 1:colcon.colcon_core.package_discovery:discover_packages(recursive) using defaults
[1.520s] Level 1:colcon.colcon_core.package_discovery:discover_packages(ignore) discover
[1.520s] Level 1:colcon.colcon_core.package_discovery:discover_packages(ignore) using defaults
[1.520s] Level 1:colcon.colcon_core.package_discovery:discover_packages(path) discover
[1.520s] Level 1:colcon.colcon_core.package_discovery:discover_packages(path) using defaults
[1.601s] INFO:colcon.colcon_core.package_selection:Skipping not selected package 'sllidar_ros2' in 'src/sllidar_ros2'
[1.603s] Level 1:colcon.colcon_core.package_discovery:discover_packages(prefix_path) check parameters
[1.603s] Level 1:colcon.colcon_core.package_discovery:discover_packages(prefix_path) discover
[1.608s] Level 1:colcon.colcon_core.package_discovery:discover_packages(prefix_path) using defaults
[1.613s] Level 5:colcon.colcon_core.verb:set package 'mail-delivery-robot' build argument 'cmake_args' from command line to 'None'
[1.614s] Level 5:colcon.colcon_core.verb:set package 'mail-delivery-robot' build argument 'cmake_target' from command line to 'None'
[1.614s] Level 5:colcon.colcon_core.verb:set package 'mail-delivery-robot' build argument 'cmake_target_skip_unavailable' from command line to 'False'
[1.614s] Level 5:colcon.colcon_core.verb:set package 'mail-delivery-robot' build argument 'cmake_clean_cache' from command line to 'False'
[1.614s] Level 5:colcon.colcon_core.verb:set package 'mail-delivery-robot' build argument 'cmake_clean_first' from command line to 'False'
[1.614s] Level 5:colcon.colcon_core.verb:set package 'mail-delivery-robot' build argument 'cmake_force_configure' from command line to 'False'
[1.614s] Level 5:colcon.colcon_core.verb:set package 'mail-delivery-robot' build argument 'ament_cmake_args' from command line to 'None'
[1.614s] Level 5:colcon.colcon_core.verb:set package 'mail-delivery-robot' build argument 'catkin_cmake_args' from command line to 'None'
[1.615s] Level 5:colcon.colcon_core.verb:set package 'mail-delivery-robot' build argument 'catkin_skip_building_tests' from command line to 'False'
[1.615s] DEBUG:colcon.colcon_core.verb:Building package 'mail-delivery-robot' with the following arguments: {'ament_cmake_args': None, 'build_base': '/home/capstone2526/cmdr_ws/build/mail-delivery-robot', 'catkin_cmake_args': None, 'catkin_skip_building_tests': False, 'cmake_args': None, 'cmake_clean_cache': False, 'cmake_clean_first': False, 'cmake_force_configure': False, 'cmake_target': None, 'cmake_target_skip_unavailable': False, 'install_base': '/home/capstone2526/cmdr_ws/install/mail-delivery-robot', 'merge_install': False, 'path': '/home/capstone2526/cmdr_ws/mail-delivery-robot', 'symlink_install': False, 'test_result_base': None}
[1.616s] INFO:colcon.colcon_core.executor:Executing jobs using 'parallel' executor
[1.620s] DEBUG:colcon.colcon_parallel_executor.executor.parallel:run_until_complete
[1.621s] INFO:colcon.colcon_ros.task.ament_python.build:Building ROS package in '/home/capstone2526/cmdr_ws/mail-delivery-robot' with build type 'ament_python'
[1.621s] Level 1:colcon.colcon_core.shell:create_environment_hook('mail-delivery-robot', 'ament_prefix_path')
[1.632s] INFO:colcon.colcon_core.plugin_system:Skipping extension 'colcon_core.shell.bat': Not used on non-Windows systems
[1.633s] INFO:colcon.colcon_core.shell:Creating environment hook '/home/capstone2526/cmdr_ws/install/mail-delivery-robot/share/mail-delivery-robot/hook/ament_prefix_path.ps1'
[1.636s] INFO:colcon.colcon_core.shell:Creating environment descriptor '/home/capstone2526/cmdr_ws/install/mail-delivery-robot/share/mail-delivery-robot/hook/ament_prefix_path.dsv'
[1.639s] INFO:colcon.colcon_core.shell:Creating environment hook '/home/capstone2526/cmdr_ws/install/mail-delivery-robot/share/mail-delivery-robot/hook/ament_prefix_path.sh'
[1.643s] INFO:colcon.colcon_core.shell:Skip shell extension 'powershell' for command environment: Not usable outside of PowerShell
[1.643s] DEBUG:colcon.colcon_core.shell:Skip shell extension 'dsv' for command environment
[2.755s] INFO:colcon.colcon_core.task.python.build:Building Python package in '/home/capstone2526/cmdr_ws/mail-delivery-robot'
[2.756s] INFO:colcon.colcon_core.shell:Skip shell extension 'powershell' for command environment: Not usable outside of PowerShell
[2.757s] DEBUG:colcon.colcon_core.shell:Skip shell extension 'dsv' for command environment
[4.378s] DEBUG:colcon.colcon_core.event_handler.log_command:Invoking command in '/home/capstone2526/cmdr_ws/mail-delivery-robot': PYTHONPATH=/home/capstone2526/cmdr_ws/build/mail-delivery-robot/prefix_override:/usr/lib/python3/dist-packages/colcon_core/task/python/colcon_distutils_commands:/home/capstone2526/cmdr_ws/install/mail-delivery-robot/lib/python3.10/site-packages: /usr/bin/python3 -W ignore:setup.py install is deprecated -W ignore:easy_install command is deprecated setup.py egg_info --egg-base ../build/mail-delivery-robot build --build-base /home/capstone2526/cmdr_ws/build/mail-delivery-robot/build install --record /home/capstone2526/cmdr_ws/build/mail-delivery-robot/install.log --single-version-externally-managed install_data
[5.732s] DEBUG:colcon.colcon_core.event_handler.log_command:Invoked command in '/home/capstone2526/cmdr_ws/mail-delivery-robot' returned '0': PYTHONPATH=/home/capstone2526/cmdr_ws/build/mail-delivery-robot/prefix_override:/usr/lib/python3/dist-packages/colcon_core/task/python/colcon_distutils_commands:/home/capstone2526/cmdr_ws/install/mail-delivery-robot/lib/python3.10/site-packages: /usr/bin/python3 -W ignore:setup.py install is deprecated -W ignore:easy_install command is deprecated setup.py egg_info --egg-base ../build/mail-delivery-robot build --build-base /home/capstone2526/cmdr_ws/build/mail-delivery-robot/build install --record /home/capstone2526/cmdr_ws/build/mail-delivery-robot/install.log --single-version-externally-managed install_data
[5.743s] Level 1:colcon.colcon_core.environment:checking '/home/capstone2526/cmdr_ws/install/mail-delivery-robot' for CMake module files
[5.747s] Level 1:colcon.colcon_core.environment:checking '/home/capstone2526/cmdr_ws/install/mail-delivery-robot' for CMake config files
[5.756s] Level 1:colcon.colcon_core.environment:checking '/home/capstone2526/cmdr_ws/install/mail-delivery-robot/lib'
[5.757s] Level 1:colcon.colcon_core.environment:checking '/home/capstone2526/cmdr_ws/install/mail-delivery-robot/bin'
[5.757s] Level 1:colcon.colcon_core.environment:checking '/home/capstone2526/cmdr_ws/install/mail-delivery-robot/lib/pkgconfig/mail-delivery-robot.pc'
[5.758s] Level 1:colcon.colcon_core.environment:checking '/home/capstone2526/cmdr_ws/install/mail-delivery-robot/lib/python3.10/site-packages'
[5.758s] Level 1:colcon.colcon_core.shell:create_environment_hook('mail-delivery-robot', 'pythonpath')
[5.760s] INFO:colcon.colcon_core.shell:Creating environment hook '/home/capstone2526/cmdr_ws/install/mail-delivery-robot/share/mail-delivery-robot/hook/pythonpath.ps1'
[5.762s] INFO:colcon.colcon_core.shell:Creating environment descriptor '/home/capstone2526/cmdr_ws/install/mail-delivery-robot/share/mail-delivery-robot/hook/pythonpath.dsv'
[5.764s] INFO:colcon.colcon_core.shell:Creating environment hook '/home/capstone2526/cmdr_ws/install/mail-delivery-robot/share/mail-delivery-robot/hook/pythonpath.sh'
[5.767s] Level 1:colcon.colcon_core.environment:checking '/home/capstone2526/cmdr_ws/install/mail-delivery-robot/bin'
[5.768s] Level 1:colcon.colcon_core.environment:create_environment_scripts_only(mail-delivery-robot)
[5.769s] INFO:colcon.colcon_core.shell:Creating package script '/home/capstone2526/cmdr_ws/install/mail-delivery-robot/share/mail-delivery-robot/package.ps1'
[5.773s] INFO:colcon.colcon_core.shell:Creating package descriptor '/home/capstone2526/cmdr_ws/install/mail-delivery-robot/share/mail-delivery-robot/package.dsv'
[5.777s] INFO:colcon.colcon_core.shell:Creating package script '/home/capstone2526/cmdr_ws/install/mail-delivery-robot/share/mail-delivery-robot/package.sh'
[5.781s] INFO:colcon.colcon_core.shell:Creating package script '/home/capstone2526/cmdr_ws/install/mail-delivery-robot/share/mail-delivery-robot/package.bash'
[5.785s] INFO:colcon.colcon_core.shell:Creating package script '/home/capstone2526/cmdr_ws/install/mail-delivery-robot/share/mail-delivery-robot/package.zsh'
[5.788s] Level 1:colcon.colcon_core.environment:create_file_with_runtime_dependencies(/home/capstone2526/cmdr_ws/install/mail-delivery-robot/share/colcon-core/packages/mail-delivery-robot)
[5.790s] DEBUG:colcon.colcon_parallel_executor.executor.parallel:closing loop
[5.792s] DEBUG:colcon.colcon_parallel_executor.executor.parallel:loop closed
[5.792s] DEBUG:colcon.colcon_parallel_executor.executor.parallel:run_until_complete finished with '0'
[5.793s] DEBUG:colcon.colcon_core.event_reactor:joining thread
[5.820s] INFO:colcon.colcon_core.plugin_system:Skipping extension 'colcon_notification.desktop_notification.notify_send': Could not find 'notify-send'
[5.820s] INFO:colcon.colcon_core.plugin_system:Skipping extension 'colcon_notification.desktop_notification.terminal_notifier': Not used on non-Darwin systems
[5.820s] INFO:colcon.colcon_core.plugin_system:Skipping extension 'colcon_notification.desktop_notification.win32': Not used on non-Windows systems
[5.821s] INFO:colcon.colcon_notification.desktop_notification:Sending desktop notification using 'notify2'
[5.824s] DEBUG:colcon.colcon_notification.desktop_notification.notify2:Failed to initialize notify2: org.freedesktop.DBus.Error.ServiceUnknown: The name org.freedesktop.Notifications was not provided by any .service files
[5.824s] DEBUG:colcon.colcon_core.event_reactor:joined thread
[5.825s] INFO:colcon.colcon_core.shell:Creating prefix script '/home/capstone2526/cmdr_ws/install/local_setup.ps1'
[5.830s] INFO:colcon.colcon_core.shell:Creating prefix util module '/home/capstone2526/cmdr_ws/install/_local_setup_util_ps1.py'
[5.838s] INFO:colcon.colcon_core.shell:Creating prefix chain script '/home/capstone2526/cmdr_ws/install/setup.ps1'
[5.842s] INFO:colcon.colcon_core.shell:Creating prefix script '/home/capstone2526/cmdr_ws/install/local_setup.sh'
[5.845s] INFO:colcon.colcon_core.shell:Creating prefix util module '/home/capstone2526/cmdr_ws/install/_local_setup_util_sh.py'
[5.848s] INFO:colcon.colcon_core.shell:Creating prefix chain script '/home/capstone2526/cmdr_ws/install/setup.sh'
[5.852s] INFO:colcon.colcon_core.shell:Creating prefix script '/home/capstone2526/cmdr_ws/install/local_setup.bash'
[5.855s] INFO:colcon.colcon_core.shell:Creating prefix chain script '/home/capstone2526/cmdr_ws/install/setup.bash'
[5.859s] INFO:colcon.colcon_core.shell:Creating prefix script '/home/capstone2526/cmdr_ws/install/local_setup.zsh'
[5.862s] INFO:colcon.colcon_core.shell:Creating prefix chain script '/home/capstone2526/cmdr_ws/install/setup.zsh'
